 34.5292077, -5.7340778, 7.0000000
 34.5442445, -5.7475642, 7.0000000
 34.5592888, -5.7610135, 7.0000000
 34.5743405, -5.7744269, 7.0000000
 34.5893992, -5.7878057, 7.0000000
 34.6044647, -5.8011513, 7.0000000
 34.6195366, -5.8144648, 7.0000000
 34.6346147, -5.8277476, 7.0000000
 34.6496986, -5.8410009, 7.0000000
 34.6647882, -5.8542260, 7.0000000
 34.6798832, -5.8674243, 7.0000000
 34.6949831, -5.8805970, 7.0000000
 34.7100879, -5.8937453, 7.0000000
 34.7251972, -5.9068706, 7.0000000
 34.7403106, -5.9199741, 7.0000000
 34.7554280, -5.9330572, 7.0000000
 34.7705491, -5.9461210, 7.0000000
 34.7856736, -5.9591670, 7.0000000
 34.8008011, -5.9721963, 7.0000000
 34.8159314, -5.9852103, 7.0000000
 34.8310643, -5.9982102, 7.0000000
 34.8461995, -6.0111973, 7.0000000
 34.8613366, -6.0241729, 7.0000000
 34.8764754, -6.0371384, 7.0000000
 34.8916156, -6.0500948, 7.0000000
 34.9067570, -6.0630436, 7.0000000
 34.9218992, -6.0759861, 7.0000000
 34.9370420, -6.0889235, 7.0000000
 34.9521850, -6.1018570, 7.0000000
 34.9673281, -6.1147880, 7.0000000
 34.9824709, -6.1277178, 7.0000000
 34.9976132, -6.1406477, 7.0000000
 35.0127547, -6.1535788, 7.0000000
 35.0278950, -6.1665126, 7.0000000
 35.0430339, -6.1794502, 7.0000000
 35.0581712, -6.1923930, 7.0000000
 35.0733066, -6.2053423, 7.0000000
 35.0884397, -6.2182993, 7.0000000
 35.1035702, -6.2312654, 7.0000000
 35.1186980, -6.2442417, 7.0000000
 35.1335885, -6.2570283, 7.0000000
 35.1480348, -6.2694479, 7.0000000
 35.1624804, -6.2818819, 7.0000000
 35.1769269, -6.2943327, 7.0000000
 35.1913759, -6.3068026, 7.0000000
 35.2058292, -6.3192938, 7.0000000
 35.2202884, -6.3318087, 7.0000000
 35.2347552, -6.3443496, 7.0000000
 35.2492311, -6.3569188, 7.0000000
 35.2637179, -6.3695186, 7.0000000
 35.2782172, -6.3821514, 7.0000000
 35.2927307, -6.3948193, 7.0000000
 35.3072600, -6.4075248, 7.0000000
 35.3218067, -6.4202701, 7.0000000
 35.3363727, -6.4330576, 7.0000000
 35.3509594, -6.4458896, 7.0000000
 35.3655685, -6.4587683, 7.0000000
 35.3802018, -6.4716961, 7.0000000
 35.3948608, -6.4846753, 7.0000000
 35.4095473, -6.4977082, 7.0000000
 35.4242628, -6.5107971, 7.0000000
 35.4390091, -6.5239443, 7.0000000
 35.4537878, -6.5371522, 7.0000000
 35.4686005, -6.5504229, 7.0000000
 35.4834489, -6.5637590, 7.0000000
 35.4983347, -6.5771626, 7.0000000
 35.5132595, -6.5906360, 7.0000000
 35.5282249, -6.6041816, 7.0000000
 35.5432327, -6.6178017, 7.0000000
 35.5582845, -6.6314986, 7.0000000
 35.5733819, -6.6452746, 7.0000000
 35.5885266, -6.6591320, 7.0000000
 35.6037203, -6.6730731, 7.0000000
 35.6189646, -6.6871003, 7.0000000
 35.6342611, -6.7012158, 7.0000000
 35.6496116, -6.7154219, 7.0000000
 35.6650176, -6.7297210, 7.0000000
 35.6804809, -6.7441154, 7.0000000
 35.6960031, -6.7586073, 7.0000000
 35.7115859, -6.7731991, 7.0000000
 35.7272308, -6.7878931, 7.0000000
 35.7429396, -6.8026916, 7.0000000
 35.7587139, -6.8175970, 7.0000000
 35.7722237, -6.8303983, 7.0000000
 35.7851649, -6.8426901, 7.0000000
 35.7981532, -6.8550527, 7.0000000
 35.8111897, -6.8674851, 7.0000000
 35.8242758, -6.8799863, 7.0000000
 35.8374127, -6.8925551, 7.0000000
 35.8506017, -6.9051907, 7.0000000
 35.8638440, -6.9178919, 7.0000000
 35.8771409, -6.9306577, 7.0000000
 35.8904937, -6.9434872, 7.0000000
 35.9039037, -6.9563791, 7.0000000
 35.9173720, -6.9693327, 7.0000000
 35.9309000, -6.9823467, 7.0000000
 35.9444889, -6.9954202, 7.0000000
 35.9581400, -7.0085521, 7.0000000
 35.9718546, -7.0217414, 7.0000000
 35.9856338, -7.0349871, 7.0000000
 35.9994791, -7.0482881, 7.0000000
 36.0133916, -7.0616435, 7.0000000
 36.0273726, -7.0750521, 7.0000000
 36.0414233, -7.0885130, 7.0000000
 36.0555451, -7.1020251, 7.0000000
 36.0697392, -7.1155874, 7.0000000
 36.0840069, -7.1291988, 7.0000000
 36.0983493, -7.1428583, 7.0000000
 36.1127679, -7.1565650, 7.0000000
 36.1272638, -7.1703177, 7.0000000
 36.1418383, -7.1841154, 7.0000000
 36.1564927, -7.1979571, 7.0000000
 36.1712283, -7.2118418, 7.0000000
 36.1860462, -7.2257684, 7.0000000
 36.2009478, -7.2397359, 7.0000000
 36.2159344, -7.2537433, 7.0000000
 36.2310071, -7.2677895, 7.0000000
 36.2461673, -7.2818735, 7.0000000
 36.2614162, -7.2959943, 7.0000000
 36.2767551, -7.3101509, 7.0000000
 36.2921852, -7.3243421, 7.0000000
 36.3077079, -7.3385670, 7.0000000
 36.3233243, -7.3528246, 7.0000000
 36.3390357, -7.3671138, 7.0000000
 36.3548435, -7.3814336, 7.0000000
 36.3707488, -7.3957829, 6.9875710
 36.3867530, -7.4101608, 6.9721890
 36.4028572, -7.4245661, 6.9570222
 36.4190628, -7.4389979, 6.9420622
 36.4353710, -7.4534552, 6.9273008
 36.4517831, -7.4679368, 6.9127297
 36.4683004, -7.4824418, 6.8983411
 36.4849240, -7.4969691, 6.8841270
 36.5016553, -7.5115178, 6.8700799
 36.5184956, -7.5260867, 6.8561920
 36.5339914, -7.5394259, 6.8424560
 36.5482564, -7.5516489, 6.8288140
 36.5625981, -7.5638827, 6.8152196
 36.5770160, -7.5761257, 6.8016739
 36.5915094, -7.5883765, 6.7881783
 36.6060779, -7.6006334, 6.7747342
 36.6207208, -7.6128949, 6.7613430
 36.6354375, -7.6251595, 6.7480063
 36.6502274, -7.6374257, 6.7347254
 36.6650901, -7.6496919, 6.7215022
 36.6800248, -7.6619565, 6.7083383
 36.6950310, -7.6742181, 6.6952354
 36.7101082, -7.6864751, 6.6821954
 36.7252557, -7.6987259, 6.6692201
 36.7404729, -7.7109690, 6.6563116
 36.7557594, -7.7232029, 6.6434717
 36.7711145, -7.7354261, 6.6307027
 36.7865376, -7.7476369, 6.6180067
 36.8020281, -7.7598339, 6.6053858
 36.8175855, -7.7720154, 6.5928424
 36.8332091, -7.7841801, 6.5803789
 36.8488985, -7.7963263, 6.5679976
 36.8646529, -7.8084525, 6.5557011
 36.8804720, -7.8205571, 6.5434920
 36.8963549, -7.8326387, 6.5313728
 36.9123012, -7.8446956, 6.5193464
 36.9283104, -7.8567263, 6.5074155
 36.9443817, -7.8687294, 6.4955831
 36.9605146, -7.8807032, 6.4838521
 36.9767086, -7.8926462, 6.4722255
 36.9929631, -7.9045569, 6.4607064
 37.0092775, -7.9164337, 6.4492982
 37.0256511, -7.9282751, 6.4380041
 37.0420835, -7.9400796, 6.4268275
 37.0585740, -7.9518456, 6.4157718
 37.0751221, -7.9635715, 6.4048407
 37.0917271, -7.9752559, 6.3940379
 37.1083885, -7.9868972, 6.3833671
 37.1251058, -7.9984939, 6.3728321
 37.1418783, -8.0100443, 6.3624370
 37.1587054, -8.0215471, 6.3521859
 37.1755866, -8.0330006, 6.3420828
 37.1925213, -8.0444032, 6.3321322
 37.2095089, -8.0557536, 6.3223383
 37.2265488, -8.0670500, 6.3127058
 37.2436405, -8.0782910, 6.3032393
 37.2607833, -8.0894751, 6.2939435
 37.2779768, -8.1006007, 6.2848233
 37.2952202, -8.1116662, 6.2758837
 37.3125130, -8.1226701, 6.2671298
 37.3298547, -8.1336109, 6.2585669
 37.3472446, -8.1444871, 6.2502004
 37.3646822, -8.1552970, 6.2420359
 37.3821669, -8.1660392, 6.2340789
 37.3996981, -8.1767122, 6.2263353
 37.4172753, -8.1873143, 6.2188112
 37.4348978, -8.1978440, 6.2115125
 37.4525650, -8.2082999, 6.2044455
 37.4702765, -8.2186803, 6.1976168
 37.4880315, -8.2289837, 6.1910328
 37.5058296, -8.2392086, 6.1847004
 37.5236701, -8.2493535, 6.1786264
 37.5414745, -8.2593731, 6.1728179
 37.5584592, -8.2688338, 6.1672451
 37.5754814, -8.2782207, 6.1616688
 37.5925416, -8.2875344, 6.1559230
 37.6096402, -8.2967757, 6.1500010
 37.6267774, -8.3059452, 6.1438959
 37.6439539, -8.3150436, 6.1376011
 37.6611699, -8.3240716, 6.1311099
 37.6784258, -8.3330299, 6.1244155
 37.6957221, -8.3419191, 6.1175114
 37.7130591, -8.3507400, 6.1103911
 37.7304372, -8.3594931, 6.1030479
 37.7478569, -8.3681792, 6.0954756
 37.7653186, -8.3767990, 6.0876676
 37.7828225, -8.3853531, 6.0796177
 37.8003693, -8.3938422, 6.0713196
 37.8179591, -8.4022671, 6.0627671
 37.8355925, -8.4106283, 6.0539542
 37.8532699, -8.4189265, 6.0448748
 37.8709915, -8.4271625, 6.0355230
 37.8887579, -8.4353370, 6.0258929
 37.9065695, -8.4434505, 6.0159787
 37.9244266, -8.4515038, 6.0057748
 37.9423296, -8.4594975, 5.9952756
 37.9602789, -8.4674324, 5.9844755
 37.9782750, -8.4753091, 5.9733691
 37.9963182, -8.4831283, 5.9619512
 38.0144090, -8.4908906, 5.9502165
 38.0325477, -8.4985968, 5.9381599
 38.0507347, -8.5062476, 5.9257763
 38.0689704, -8.5138435, 5.9130609
 38.0872553, -8.5213854, 5.9000086
 38.1055897, -8.5288738, 5.8866149
 38.1239740, -8.5363094, 5.8728751
 38.1424086, -8.5436930, 5.8587845
 38.1608940, -8.5510252, 5.8443388
 38.1794305, -8.5583067, 5.8295336
 38.1980186, -8.5655381, 5.8143645
 38.2166585, -8.5727202, 5.7988275
 38.2353508, -8.5798537, 5.7829183
 38.2540958, -8.5869391, 5.7666331
 38.2728939, -8.5939772, 5.7499677
 38.2917456, -8.6009687, 5.7329184
 38.3106511, -8.6079142, 5.7154815
 38.3296110, -8.6148144, 5.6976531
 38.3486256, -8.6216701, 5.6794297
 38.3676953, -8.6284818, 5.6608076
 38.3868206, -8.6352503, 5.6417835
 38.4060017, -8.6419762, 5.6223537
 38.4252392, -8.6486602, 5.6025151
 38.4445334, -8.6553031, 5.5822641
 38.4638847, -8.6619054, 5.5615975
 38.4832935, -8.6684679, 5.5405121
 38.5027603, -8.6749912, 5.5190046
 38.5222853, -8.6814760, 5.4970719
 38.5418691, -8.6879231, 5.4747107
 38.5615120, -8.6943330, 5.4519179
 38.5812144, -8.7007064, 5.4286903
 38.6009767, -8.7070441, 5.4050249
 38.6207993, -8.7133467, 5.3809185
 38.6406826, -8.7196149, 5.3563678
 38.6606270, -8.7258494, 5.3313699
 38.6806330, -8.7320508, 5.3059213
 38.7007008, -8.7382199, 5.2800190
 38.7208310, -8.7443573, 5.2536596
 38.7410238, -8.7504636, 5.2268398
 38.7609556, -8.7564428, 5.1995561
 38.7795928, -8.7619903, 5.1718045
 38.7982823, -8.7675092, 5.1442474
 38.8170230, -8.7729965, 5.1170355
 38.8358140, -8.7784494, 5.0901614
 38.8546543, -8.7838649, 5.0636180
 38.8735430, -8.7892400, 5.0373989
 38.8924790, -8.7945719, 5.0114983
 38.9114614, -8.7998574, 4.9859107
 38.9304893, -8.8050938, 4.9606313
 38.9495616, -8.8102780, 4.9356557
 38.9686775, -8.8154072, 4.9109800
 38.9878359, -8.8204783, 4.8866005
 39.0070358, -8.8254884, 4.8625144
 39.0262763, -8.8304347, 4.8387188
 39.0455565, -8.8353140, 4.8152115
 39.0648753, -8.8401236, 4.7919905
 39.0842318, -8.8448604, 4.7690544
 39.1036250, -8.8495215, 4.7464019
 39.1230539, -8.8541039, 4.7240321
 39.1425176, -8.8586048, 4.7019444
 39.1620152, -8.8630211, 4.6801388
 39.1815455, -8.8673500, 4.6586152
 39.2011077, -8.8715884, 4.6373739
 39.2207009, -8.8757335, 4.6164157
 39.2403239, -8.8797822, 4.5957414
 39.2599759, -8.8837317, 4.5753522
 39.2796559, -8.8875790, 4.5552495
 39.2993630, -8.8913211, 4.5354348
 39.3190960, -8.8949551, 4.5159102
 39.3388542, -8.8984781, 4.4966775
 39.3586364, -8.9018871, 4.4777392
 39.3784418, -8.9051792, 4.4590977
 39.3982694, -8.9083514, 4.4407555
 39.4181182, -8.9114008, 4.4227154
 39.4379872, -8.9143244, 4.4049805
 39.4578755, -8.9171193, 4.3875537
 39.4777821, -8.9197826, 4.3704382
 39.4977060, -8.9223112, 4.3536373
 39.5176462, -8.9247023, 4.3371544
 39.5376019, -8.9269529, 4.3209929
 39.5575719, -8.9290601, 4.3051563
 39.5775554, -8.9310209, 4.2896481
 39.5975514, -8.9328324, 4.2744718
 39.6175589, -8.9344916, 4.2596310
 39.6375769, -8.9359956, 4.2451291
 39.6576045, -8.9373415, 4.2309694
 39.6776407, -8.9385262, 4.2171555
 39.6976846, -8.9395469, 4.2036904
 39.7177351, -8.9404006, 4.1905772
 39.7377913, -8.9410843, 4.1778190
 39.7578522, -8.9415952, 4.1654183
 39.7779168, -8.9419302, 4.1533777
 39.7979843, -8.9420864, 4.1416994
 39.8180536, -8.9420610, 4.1303854
 39.8381237, -8.9418508, 4.1194373
 39.8581937, -8.9414531, 4.1088561
 39.8782626, -8.9408648, 4.0986429
 39.8983294, -8.9400830, 4.0887979
 39.9183932, -8.9391048, 4.0793211
 39.9384530, -8.9379271, 4.0702117
 39.9585078, -8.9365472, 4.0614686
 39.9785567, -8.9349619, 4.0530898
 39.9985987, -8.9331685, 4.0450730
 40.0186328, -8.9311638, 4.0374148
 40.0386580, -8.9289451, 4.0301113
 40.0586735, -8.9265093, 4.0231577
 40.0786781, -8.9238534, 4.0165485
 40.0986710, -8.9209747, 4.0102771
 40.1186512, -8.9178700, 4.0043361
 40.1386176, -8.9145365, 3.9987172
 40.1585694, -8.9109712, 3.9934109
 40.1789599, -8.9070818, 3.9884069
 40.2001028, -8.9027851, 3.9833993
 40.2212205, -8.8982272, 3.9782859
 40.2423080, -8.8934120, 3.9723752
 40.2633604, -8.8883433, 3.9656814
 40.2843726, -8.8830251, 3.9582190
 40.3053397, -8.8774614, 3.9500025
 40.3262566, -8.8716559, 3.9410468
 40.3471184, -8.8656127, 3.9313669
 40.3679200, -8.8593356, 3.9209776
 40.3886564, -8.8528285, 3.9098941
 40.4093227, -8.8460954, 3.8981312
 40.4299139, -8.8391401, 3.8857042
 40.4504249, -8.8319667, 3.8726278
 40.4708508, -8.8245789, 3.8589170
 40.4911865, -8.8169807, 3.8445867
 40.5114271, -8.8091760, 3.8296517
 40.5315675, -8.8011688, 3.8141266
 40.5516028, -8.7929628, 3.7980262
 40.5715280, -8.7845622, 3.7813650
 40.5913380, -8.7759706, 3.7641575
 40.6110278, -8.7671921, 3.7464182
 40.6305926, -8.7582306, 3.7281617
 40.6500271, -8.7490900, 3.7094023
 40.6693266, -8.7397742, 3.6901544
 40.6884859, -8.7302870, 3.6704327
 40.7075001, -8.7206325, 3.6502516
 40.7263641, -8.7108145, 3.6296259
 40.7450730, -8.7008369, 3.6085702
 40.7636218, -8.6907037, 3.5870997
 40.7820054, -8.6804187, 3.5652293
 40.8002189, -8.6699859, 3.5429747
 40.8182573, -8.6594092, 3.5203515
 40.8361155, -8.6486925, 3.4973759
 40.8537886, -8.6378396, 3.4740644
 40.8712716, -8.6268546, 3.4504341
 40.8885594, -8.6157413, 3.4265026
 40.9056471, -8.6045036, 3.4022883
 40.9225297, -8.5931454, 3.3778102
 40.9392022, -8.5816707, 3.3530882
 40.9556595, -8.5700834, 3.3281433
 40.9718968, -8.5583873, 3.3030136
 40.9879088, -8.5465864, 3.2777364
 41.0036908, -8.5346846, 3.2523387
 41.0192377, -8.5226858, 3.2268490
 41.0345444, -8.5105939, 3.2012980
 41.0496060, -8.4984129, 3.1757185
 41.0644175, -8.4861466, 3.1501460
 41.0789738, -8.4737989, 3.1246188
 41.0932701, -8.4613738, 3.0991781
 41.1073012, -8.4488751, 3.0738690
 41.1210622, -8.4363068, 3.0487403
 41.1345481, -8.4236728, 3.0238453
 41.1477539, -8.4109770, 2.9992423
 41.1606746, -8.3982233, 2.9749948
 41.1733052, -8.3854156, 2.9511731
 41.1856406, -8.3725579, 2.9278539
 41.1976759, -8.3596540, 2.9051220
 41.2094062, -8.3467078, 2.8830709
 41.2208263, -8.3337233, 2.8618039
 41.2319313, -8.3207044, 2.8414354
 41.2427162, -8.3076550, 2.8220923
 41.2531760, -8.2945789, 2.8039154
 41.2633057, -8.2814802, 2.7870614
 41.2731003, -8.2683626, 2.7717047
 41.2825547, -8.2552302, 2.7580395
 41.2916641, -8.2420868, 2.7462827
 41.3004234, -8.2289364, 2.7366765
 41.3110334, -8.2122363, 2.7294914
 41.3219186, -8.1940919, 2.7241493
 41.3321556, -8.1759382, 2.7202229
 41.3417618, -8.1577721, 2.7175371
 41.3507547, -8.1395905, 2.7158837
 41.3591515, -8.1213902, 2.7150218
 41.3669697, -8.1031680, 2.7146801
 41.3742267, -8.0849208, 2.7145590
 41.3809399, -8.0666454, 2.7144379
 41.3871265, -8.0483387, 2.7144142
 41.3928041, -8.0299975, 2.7148021
 41.3979901, -8.0116186, 2.7158944
 41.4027017, -7.9931990, 2.7179596
 41.4069565, -7.9747354, 2.7212391
 41.4107717, -7.9562247, 2.7259454
 41.4141648, -7.9376637, 2.7322622
 41.4171532, -7.9190493, 2.7403440
 41.4197542, -7.9003783, 2.7503179
 41.4219852, -7.8816475, 2.7622848
 41.4238637, -7.8628539, 2.7763218
 41.4254070, -7.8439942, 2.7924846
 41.4266324, -7.8250653, 2.8108103
 41.4275575, -7.8060640, 2.8313200
 41.4281996, -7.7869872, 2.8540214
 41.4285760, -7.7678318, 2.8789114
 41.4287042, -7.7485945, 2.9059786
 41.4286015, -7.7292722, 2.9352051
 41.4282853, -7.7098617, 2.9665687
 41.4277731, -7.6903600, 3.0000444
 41.4270822, -7.6707638, 3.0350303
 41.4262299, -7.6510699, 3.0696144
 41.4252338, -7.6312753, 3.1038102
 41.4241111, -7.6113768, 3.1376302
 41.4228793, -7.5913712, 3.1710866
 41.4215557, -7.5712553, 3.2041908
 41.4201578, -7.5510260, 3.2369536
 41.4187029, -7.5306802, 3.2693851
 41.4172084, -7.5102147, 3.3014952
 41.4156917, -7.4896263, 3.3332932
 41.4141702, -7.4689118, 3.3647879
 41.4126612, -7.4480682, 3.3959878
 41.4111823, -7.4270922, 3.4269009
 41.4097506, -7.4059808, 3.4575349
 41.4083838, -7.3847307, 3.4878971
 41.4070990, -7.3633388, 3.5179947
 41.4059138, -7.3418019, 3.5478342
 41.4048454, -7.3201169, 3.5774223
 41.4039114, -7.2982806, 3.6067650
 41.4031291, -7.2762898, 3.6358684
 41.4025552, -7.2558345, 3.6647380
 41.4021413, -7.2361877, 3.6928767
 41.4018497, -7.2164274, 3.7210446
 41.4016717, -7.1965594, 3.7492510
 41.4015989, -7.1765898, 3.7772443
 41.4016228, -7.1565246, 3.8050292
 41.4017348, -7.1363696, 3.8326102
 41.4019263, -7.1161309, 3.8599917
 41.4021889, -7.0958145, 3.8871779
 41.4025140, -7.0754263, 3.9141729
 41.4028931, -7.0549723, 3.9409806
 41.4033176, -7.0344584, 3.9676048
 41.4037790, -7.0138907, 3.9940492
 41.4042689, -6.9932751, 4.0203173
 41.4047785, -6.9726176, 4.0464126
 41.4052995, -6.9519241, 4.0723383
 41.4058233, -6.9312007, 4.0584050
 41.4063413, -6.9104533, 4.0098393
 41.4068450, -6.8896878, 3.9621903
 41.4073259, -6.8689103, 3.9154158
 41.4077755, -6.8481267, 3.8694785
 41.4081852, -6.8273430, 3.8243460
 41.4085465, -6.8065652, 3.7799897
 41.4088508, -6.7857992, 3.7363856
 41.4090897, -6.7650510, 3.6935136
 41.4092545, -6.7443266, 3.6513574
 41.4093368, -6.7236319, 3.6099046
 41.4093280, -6.7029730, 3.5691465
 41.4092197, -6.6823558, 3.5290782
 41.4090032, -6.6617862, 3.4896982
 41.4086700, -6.6412703, 3.4510089
 41.4082116, -6.6208140, 3.4130162
 41.4076195, -6.6004233, 3.3757297
 41.4068851, -6.5801042, 3.3391629
 41.4059999, -6.5598626, 3.3033328
 41.4049554, -6.5397045, 3.2682606
 41.4037430, -6.5196359, 3.2339714
 41.4023542, -6.4996627, 3.2004943
 41.4007805, -6.4797910, 3.1678628
 41.3990133, -6.4600267, 3.1361146
 41.3970441, -6.4403757, 3.1052921
 41.3948644, -6.4208441, 3.0754422
 41.3924656, -6.4014378, 3.0466167
 41.3898392, -6.3821627, 3.0188723
 41.3869767, -6.3630250, 2.9922709
 41.3838696, -6.3440305, 2.9668794
 41.3805093, -6.3251851, 2.9427701
 41.3768872, -6.3064950, 2.9200206
 41.3729949, -6.2879660, 2.8987138
 41.3688238, -6.2696041, 2.8789377
 41.3643653, -6.2514154, 2.8607853
 41.3596110, -6.2334057, 2.8443547
 41.3545524, -6.2155810, 2.8297478
 41.3491808, -6.1979474, 2.8170706
 41.3434878, -6.1805107, 2.8064320
 41.3374647, -6.1632770, 2.7979429
 41.3306853, -6.1451665, 2.7917149
 41.3235241, -6.1272955, 2.7860389
 41.3159836, -6.1096690, 2.7809066
 41.3080659, -6.0922909, 2.7763088
 41.2997729, -6.0751650, 2.7722328
 41.2911068, -6.0582953, 2.7686631
 41.2820697, -6.0416858, 2.7655807
 41.2726634, -6.0253403, 2.7629629
 41.2628902, -6.0092627, 2.7607830
 41.2527521, -5.9934570, 2.7590108
 41.2422510, -5.9779270, 2.7576116
 41.2313892, -5.9626767, 2.7565465
 41.2201685, -5.9477100, 2.7557724
 41.2085911, -5.9330308, 2.7552416
 41.1966591, -5.9186431, 2.7549021
 41.1843744, -5.9045507, 2.7546973
 41.1717391, -5.8907575, 2.7545662
 41.1587553, -5.8772674, 2.7544434
 41.1454251, -5.8640845, 2.7543205
 41.1317504, -5.8512125, 2.7542559
 41.1177334, -5.8386554, 2.7543134
 41.1033761, -5.8264172, 2.7545532
 41.0886805, -5.8145016, 2.7550323
 41.0736487, -5.8029127, 2.7558039
 41.0582828, -5.7916544, 2.7569175
 41.0425847, -5.7807305, 2.7584190
 41.0265566, -5.7701449, 2.7603504
 41.0102005, -5.7599017, 2.7627499
 40.9935185, -5.7500047, 2.7656521
 40.9765126, -5.7404578, 2.7690877
 40.9591848, -5.7312649, 2.7730838
 40.9415373, -5.7224300, 2.7776641
 40.9235720, -5.7139569, 2.7828488
 40.9052910, -5.7058496, 2.7886547
 40.8866964, -5.6981119, 2.7950956
 40.8677902, -5.6907479, 2.8021822
 40.8485745, -5.6837613, 2.8099224
 40.8290514, -5.6771562, 2.8183214
 40.8092228, -5.6709364, 2.8273820
 40.7890908, -5.6651059, 2.8371045
 40.7686575, -5.6596685, 2.8474872
 40.7479250, -5.6546282, 2.8585265
 40.7268952, -5.6499889, 2.8702169
 40.7055703, -5.6457545, 2.8825512
 40.6839523, -5.6419289, 2.8955210
 40.6620432, -5.6385160, 2.9091163
 40.6398451, -5.6355197, 2.9233263
 40.6173601, -5.6329440, 2.9381390
 40.5945902, -5.6307928, 2.9535415
 40.5715374, -5.6290700, 2.9695203
 40.5482038, -5.6277794, 2.9860612
 40.5245915, -5.6269250, 3.0031495
 40.5053113, -5.6265555, 3.0207702
 40.4877309, -5.6264644, 3.0389078
 40.4700090, -5.6265969, 3.0584954
 40.4521488, -5.6269461, 3.0798078
 40.4341538, -5.6275052, 3.1027210
 40.4160271, -5.6282672, 3.1271220
 40.3977721, -5.6292255, 3.1529070
 40.3793922, -5.6303730, 3.1799816
 40.3608907, -5.6317028, 3.2082596
 40.3422708, -5.6332083, 3.2376625
 40.3235360, -5.6348824, 3.2681193
 40.3046896, -5.6367183, 3.2995654
 40.2857349, -5.6387091, 3.3313820
 40.2666751, -5.6408480, 3.3628947
 40.2475137, -5.6431281, 3.3941122
 40.2282540, -5.6455425, 3.4250424
 40.2088993, -5.6480845, 3.4556930
 40.1894528, -5.6507470, 3.4860714
 40.1699181, -5.6535232, 3.5161848
 40.1502982, -5.6564064, 3.5460397
 40.1305967, -5.6593895, 3.5756428
 40.1108168, -5.6624657, 3.6050002
 40.0909618, -5.6656283, 3.6341178
 40.0710351, -5.6688702, 3.6630014
 40.0510400, -5.6721847, 3.6916565
 40.0309799, -5.6755648, 3.7200884
 40.0108580, -5.6790038, 3.7483020
 39.9906776, -5.6824947, 3.7763024
 39.9704422, -5.6860307, 3.8040943
 39.9501549, -5.6896048, 3.8316821
 39.9298193, -5.6932103, 3.8590703
 39.9094385, -5.6968403, 3.8862630
 39.8890159, -5.7004879, 3.9132644
 39.8685549, -5.7041462, 3.9400784
 39.8480587, -5.7078084, 3.9667087
 39.8275307, -5.7114676, 3.9931591
 39.8069742, -5.7151169, 4.0194331
 39.7863925, -5.7187495, 4.0455342
 39.7657890, -5.7223586, 4.0714656
 39.7451670, -5.7259371, 4.0972306
 39.7245298, -5.7294783, 4.1228323
 39.7038807, -5.7329754, 4.1482738
 39.6832231, -5.7364213, 4.1735579
 39.6625603, -5.7398094, 4.1986875
 39.6418957, -5.7431326, 4.2236654
 39.6212324, -5.7463842, 4.2484943
 39.6005739, -5.7495573, 4.2557395
 39.5799236, -5.7526450, 4.2244409
 39.5592846, -5.7556404, 4.1939444
 39.5386604, -5.7585367, 4.1642598
 39.5180543, -5.7613270, 4.1354000
 39.4974695, -5.7640044, 4.1073809
 39.4769095, -5.7665621, 4.0802210
 39.4563776, -5.7689932, 4.0539420
 39.4358770, -5.7712909, 4.0285685
 39.4154111, -5.7734482, 4.0041284
 39.3949833, -5.7754583, 3.9806526
 39.3745968, -5.7773144, 3.9581754
 39.3542550, -5.7790096, 3.9367345
 39.3339612, -5.7805369, 3.9163710
 39.3137187, -5.7818896, 3.8971298
 39.2935309, -5.7830608, 3.8790593
 39.2734011, -5.7840436, 3.8622117
 39.2533326, -5.7848311, 3.8466434
 39.2333287, -5.7854165, 3.8324146
 39.2133928, -5.7857930, 3.8195897
 39.1935282, -5.7859535, 3.8082374
 39.1737382, -5.7858913, 3.7984306
 39.1540262, -5.7855996, 3.7902465
 39.1343954, -5.7850714, 3.7837670
 39.1148492, -5.7842998, 3.7790780
 39.0951193, -5.7832620, 3.7762700
 39.0734922, -5.7818153, 3.7752123
 39.0519803, -5.7800525, 3.7743019
 39.0305851, -5.7779768, 3.7735257
 39.0093081, -5.7755913, 3.7728702
 38.9881511, -5.7728993, 3.7723220
 38.9671154, -5.7699041, 3.7718678
 38.9462028, -5.7666087, 3.7714940
 38.9254148, -5.7630165, 3.7711872
 38.9047529, -5.7591306, 3.7709342
 38.8842188, -5.7549543, 3.7707218
 38.8638140, -5.7504907, 3.7705369
 38.8435401, -5.7457431, 3.7703668
 38.8233987, -5.7407147, 3.7701986
 38.8033914, -5.7354086, 3.7700304
 38.7835196, -5.7298282, 3.7698724
 38.7637851, -5.7239766, 3.7697357
 38.7441894, -5.7178570, 3.7696307
 38.7247341, -5.7114726, 3.7695667
 38.7054207, -5.7048266, 3.7695522
 38.6862508, -5.6979224, 3.7695948
 38.6672260, -5.6907629, 3.7697012
 38.6483479, -5.6833516, 3.7698772
 38.6296181, -5.6756915, 3.7701278
 38.6110381, -5.6677859, 3.7704573
 38.5926095, -5.6596381, 3.7708690
 38.5743339, -5.6512511, 3.7713655
 38.5562128, -5.6426283, 3.7719489
 38.5382479, -5.6337728, 3.7726202
 38.5204407, -5.6246878, 3.7733801
 38.5027929, -5.6153766, 3.7742282
 38.4853058, -5.6058424, 3.7751640
 38.4679813, -5.5960883, 3.7761860
 38.4508208, -5.5861177, 3.7772922
 38.4338259, -5.5759336, 3.7784802
 38.4169981, -5.5655393, 3.7797469
 38.4003392, -5.5549381, 3.7810888
 38.3838506, -5.5441331, 3.7825019
 38.3675339, -5.5331275, 3.7839816
 38.3513906, -5.5219246, 3.7855232
 38.3354225, -5.5105275, 3.7871214
 38.3196310, -5.4989395, 3.7887704
 38.3040178, -5.4871638, 3.7904643
 38.2885843, -5.4752036, 3.7921967
 38.2733323, -5.4630621, 3.7939608
 38.2582632, -5.4507424, 3.7957497
 38.2433786, -5.4382480, 3.7975562
 38.2286802, -5.4255818, 3.7993726
 38.2141695, -5.4127472, 3.8011913
 38.1998480, -5.3997474, 3.8030041
 38.1857174, -5.3865855, 3.8048029
 38.1717792, -5.3732648, 3.8065793
 38.1580350, -5.3597884, 3.8083246
 38.1444864, -5.3461597, 3.8100300
 38.1311349, -5.3323818, 3.8116866
 38.1179822, -5.3184579, 3.8132853
 38.1050298, -5.3043912, 3.8148169
 38.0922793, -5.2901850, 3.8162720
 38.0797323, -5.2758424, 3.8176412
 38.0673903, -5.2613666, 3.8189149
 38.0552549, -5.2467610, 3.8200835
 38.0433278, -5.2320286, 3.8211372
 38.0316104, -5.2171727, 3.8220664
 38.0201044, -5.2021965, 3.8228611
 38.0087916, -5.1870765, 3.8235114
 37.9970402, -5.1709330, 3.8240075
 37.9855259, -5.1546635, 3.8243617
 37.9742445, -5.1382704, 3.8253434
 37.9631916, -5.1217561, 3.8269754
 37.9523631, -5.1051229, 3.8292781
 37.9417545, -5.0883733, 3.8322691
 37.9313617, -5.0715094, 3.8359639
 37.9211803, -5.0545339, 3.8403755
 37.9112060, -5.0374489, 3.8455149
 37.9014345, -5.0202568, 3.8513909
 37.8918616, -5.0029600, 3.8580108
 37.8824830, -4.9855609, 3.8653797
 37.8732943, -4.9680619, 3.8735014
 37.8642914, -4.9504652, 3.8823781
 37.8554698, -4.9327732, 3.8920107
 37.8468253, -4.9149884, 3.9023990
 37.8383536, -4.8971131, 3.9135415
 37.8300505, -4.8791495, 3.9254360
 37.8219116, -4.8611002, 3.9380794
 37.8139326, -4.8429674, 3.9514678
 37.8061093, -4.8247535, 3.9655970
 37.7984374, -4.8064609, 3.9804621
 37.7909125, -4.7880919, 3.9960578
 37.7835305, -4.7696489, 4.0123789
 37.7762869, -4.7511343, 4.0294195
 37.7691776, -4.7325504, 4.0471739
 37.7621981, -4.7138995, 4.0656366
 37.7553443, -4.6951841, 4.0848017
 37.7486119, -4.6764065, 4.1046639
 37.7419964, -4.6575691, 4.1252178
 37.7354938, -4.6386742, 4.1464583
 37.7290996, -4.6197241, 4.1683809
 37.7228096, -4.6007213, 4.1909811
 37.7166195, -4.5816681, 4.2142552
 37.7105250, -4.5625669, 4.2381997
 37.7045219, -4.5434200, 4.2628118
 37.6986057, -4.5242297, 4.2874105
 37.6927723, -4.5049985, 4.3118667
 37.6870173, -4.4857288, 4.3361828
 37.6813365, -4.4664228, 4.3603611
 37.6757255, -4.4470829, 4.3844040
 37.6701802, -4.4277115, 4.4083136
 37.6646961, -4.4083109, 4.4320921
 37.6592690, -4.3888836, 4.4557416
 37.6538946, -4.3694318, 4.4792642
 37.6485687, -4.3499580, 4.5026618
 37.6432869, -4.3304645, 4.5259363
 37.6380449, -4.3109536, 4.5490898
 37.6328384, -4.2914277, 4.5721239
 37.6276633, -4.2718892, 4.5950405
 37.6225151, -4.2523404, 4.6178414
 37.6173896, -4.2327838, 4.6405282
 37.6122825, -4.2132216, 4.6631027
 37.6071894, -4.1936562, 4.6855664
 37.6021062, -4.1740900, 4.7079209
 37.5970286, -4.1545253, 4.7301678
 37.5919521, -4.1349646, 4.7523085
 37.5868726, -4.1154101, 4.7743447
 37.5817858, -4.0958642, 4.7962776
 37.5766873, -4.0763293, 4.8181088
 37.5715358, -4.0566655, 4.8398395
 37.5663448, -4.0369365, 4.8614712
 37.5611345, -4.0172230, 4.8830051
 37.5559039, -3.9975256, 4.9044426
 37.5506520, -3.9778448, 4.9257849
 37.5453779, -3.9581812, 4.9470332
 37.5400807, -3.9385354, 4.9681888
 37.5347594, -3.9189079, 4.9892528
 37.5294132, -3.8992994, 5.0102264
 37.5240411, -3.8797104, 5.0311106
 37.5186421, -3.8601416, 5.0519067
 37.5132153, -3.8405934, 5.0726157
 37.5077598, -3.8210665, 5.0932386
 37.5022747, -3.8015615, 5.1137766
 37.4967591, -3.7820788, 5.1342306
 37.4912119, -3.7626192, 5.1546016
 37.4856323, -3.7431832, 5.1748906
 37.4800194, -3.7237713, 5.1950985
 37.4743721, -3.7043841, 5.2152264
 37.4686897, -3.6850223, 5.2352751
 37.4629711, -3.6656864, 5.2552456
 37.4572154, -3.6463770, 5.2751386
 37.4514216, -3.6270947, 5.2949552
 37.4455890, -3.6078400, 5.3146961
 37.4397164, -3.5886135, 5.3343622
 37.4338031, -3.5694158, 5.3539543
 37.4278480, -3.5502475, 5.3734733
 37.4218502, -3.5311092, 5.3929199
 37.4158089, -3.5120014, 5.4122949
 37.4097230, -3.4929247, 5.4315990
 37.4035916, -3.4738797, 5.4508331
 37.3974139, -3.4548670, 5.4699978
 37.3911888, -3.4358872, 5.4890939
 37.3849154, -3.4169408, 5.5081222
 37.3785929, -3.3980285, 5.5270832
 37.3722203, -3.3791507, 5.5459777
 37.3657966, -3.3603081, 5.5648064
 37.3593209, -3.3415013, 5.5835699
 37.3527923, -3.3227308, 5.6019679
 37.3462099, -3.3039972, 5.6198455
 37.3395727, -3.2853012, 5.6372044
 37.3328797, -3.2666432, 5.6540462
 37.3261302, -3.2480238, 5.6703724
 37.3193231, -3.2294437, 5.6861848
 37.3124574, -3.2109035, 5.7014850
 37.3055324, -3.1924036, 5.7162746
 37.2985470, -3.1739447, 5.7305556
 37.2915003, -3.1555273, 5.7443295
 37.2843913, -3.1371521, 5.7575983
 37.2772192, -3.1188196, 5.7703639
 37.2699831, -3.1005304, 5.7826283
 37.2626819, -3.0822851, 5.7943935
 37.2553147, -3.0640842, 5.8056617
 37.2478807, -3.0459284, 5.8164350
 37.2403789, -3.0278182, 5.8267158
 37.2328083, -3.0097542, 5.8365065
 37.2251681, -2.9917369, 5.8458096
 37.2174572, -2.9737670, 5.8546277
 37.2096748, -2.9558450, 5.8629636
 37.2018200, -2.9379716, 5.8708201
 37.1935700, -2.9194279, 5.8782002
 37.1852171, -2.9008842, 5.8851071
 37.1767855, -2.8823937, 5.8920300
 37.1682759, -2.8639562, 5.8990067
 37.1596889, -2.8455717, 5.9060385
 37.1510251, -2.8272399, 5.9131266
 37.1422854, -2.8089608, 5.9202723
 37.1334702, -2.7907341, 5.9274769
 37.1245803, -2.7725597, 5.9347415
 37.1156164, -2.7544375, 5.9420672
 37.1065790, -2.7363674, 5.9494551
 37.0974690, -2.7183491, 5.9569062
 37.0882868, -2.7003826, 5.9644215
 37.0790332, -2.6824676, 5.9720019
 37.0697089, -2.6646041, 5.9796485
 37.0603145, -2.6467919, 5.9873619
 37.0508506, -2.6290308, 5.9951432
 37.0413180, -2.6113208, 6.0029930
 37.0317173, -2.5936616, 6.0109122
 37.0220492, -2.5760531, 6.0189014
 37.0123143, -2.5584952, 6.0269614
 37.0025132, -2.5409876, 6.0350928
 36.9926467, -2.5235304, 6.0432963
 36.9827154, -2.5061232, 6.0515724
 36.9727200, -2.4887661, 6.0599218
 36.9626611, -2.4714587, 6.0683449
 36.9525394, -2.4542011, 6.0768422
 36.9423556, -2.4369929, 6.0854143
 36.9321103, -2.4198342, 6.0940617
 36.9218041, -2.4027247, 6.1027846
 36.9114378, -2.3856643, 6.1115837
 36.9010120, -2.3686528, 6.1204591
 36.8905274, -2.3516901, 6.1294114
 36.8799846, -2.3347761, 6.1384408
 36.8693843, -2.3179106, 6.1475477
 36.8587272, -2.3010934, 6.1567323
 36.8480139, -2.2843244, 6.1659950
 36.8372450, -2.2676035, 6.1753360
 36.8264213, -2.2509306, 6.1847555
 36.8155434, -2.2343053, 6.1942538
 36.8046119, -2.2177278, 6.2038311
 36.7936276, -2.2011976, 6.2134876
 36.7825911, -2.1847148, 6.2232235
 36.7715030, -2.1682792, 6.2330389
 36.7603641, -2.1518906, 6.2429340
 36.7491749, -2.1355489, 6.2529090
 36.7379361, -2.1192540, 6.2629640
 36.7266485, -2.1030056, 6.2730991
 36.7153126, -2.0868037, 6.2833144
 36.7039291, -2.0706481, 6.2936101
 36.6924988, -2.0545386, 6.3039862
 36.6810221, -2.0384751, 6.3144428
 36.6694999, -2.0224575, 6.3249801
 36.6579328, -2.0064856, 6.3355981
 36.6463214, -1.9905593, 6.3462968
 36.6346664, -1.9746784, 6.3570764
 36.6229684, -1.9588427, 6.3679370
 36.6109966, -1.9427417, 6.3788785
 36.5988842, -1.9265582, 6.3899011
 36.5867279, -1.9104220, 6.4009495
 36.5745280, -1.8943326, 6.4120017
 36.5622848, -1.8782899, 6.4230593
 36.5499985, -1.8622937, 6.4341236
 36.5376696, -1.8463435, 6.4451960
 36.5252983, -1.8304393, 6.4562779
 36.5128849, -1.8145806, 6.4673705
 36.5004298, -1.7987673, 6.4784753
 36.4879332, -1.7829992, 6.4895935
 36.4753954, -1.7672758, 6.5007264
 36.4628169, -1.7515970, 6.5118751
 36.4501978, -1.7359626, 6.5230410
 36.4375385, -1.7203722, 6.5342253
 36.4248393, -1.7048256, 6.5454291
 36.4121005, -1.6893225, 6.5566535
 36.3993224, -1.6738627, 6.5678998
 36.3865053, -1.6584459, 6.5791690
 36.3736496, -1.6430719, 6.5904623
 36.3607556, -1.6277403, 6.6017806
 36.3478235, -1.6124510, 6.6131252
 36.3348536, -1.5972036, 6.6244969
 36.3218464, -1.5819980, 6.6358969
 36.3088020, -1.5668338, 6.6473262
 36.2957209, -1.5517108, 6.6587857
 36.2826032, -1.5366287, 6.6702763
 36.2694494, -1.5215873, 6.6817992
 36.2562597, -1.5065862, 6.6933551
 36.2430345, -1.4916253, 6.7049450
 36.2297740, -1.4767043, 6.7165698
 36.2164786, -1.4618229, 6.7282304
 36.2031485, -1.4469809, 6.7399277
 36.1897842, -1.4321780, 6.7516625
 36.1763858, -1.4174139, 6.7634356
 36.1629537, -1.4026884, 6.7752480
 36.1494883, -1.3880012, 6.7871003
 36.1359898, -1.3733520, 6.7989934
 36.1224585, -1.3587407, 6.8109281
 36.1088947, -1.3441668, 6.8229052
 36.0952989, -1.3296303, 6.8349253
 36.0816711, -1.3151307, 6.8469893
 36.0680119, -1.3006680, 6.8590979
 36.0543215, -1.2862416, 6.8712518
 36.0406001, -1.2718516, 6.8834518
 36.0268482, -1.2574975, 6.8956984
 36.0130659, -1.2431791, 6.9079924
 35.9992538, -1.2288961, 6.9203346
 35.9854119, -1.2146484, 6.9327255
 35.9715407, -1.2004355, 6.9451658
 35.9576405, -1.1862573, 6.9576561
 35.9437115, -1.1721135, 6.9701972
 35.9297541, -1.1580039, 6.9827895
 35.9157686, -1.1439281, 6.9954339
 35.9017553, -1.1298860, 7.0000000
 35.8877100, -1.1158727, 7.0000000
 35.8735071, -1.1017634, 7.0000000
 35.8592767, -1.0876876, 7.0000000
 35.8450187, -1.0736451, 7.0000000
 35.8307333, -1.0596356, 7.0000000
 35.8164206, -1.0456589, 7.0000000
 35.8020806, -1.0317148, 7.0000000
 35.7877134, -1.0178030, 7.0000000
 35.7733192, -1.0039234, 7.0000000
 35.7588981, -0.9900756, 7.0000000
 35.7444500, -0.9762594, 7.0000000
 35.7299752, -0.9624747, 7.0000000
 35.7154737, -0.9487212, 7.0000000
 35.7009455, -0.9349986, 7.0000000
 35.6863909, -0.9213067, 7.0000000
 35.6718099, -0.9076453, 7.0000000
 35.6572025, -0.8940142, 7.0000000
 35.6425689, -0.8804131, 7.0000000
 35.6279092, -0.8668417, 7.0000000
 35.6132234, -0.8533000, 7.0000000
 35.5985117, -0.8397875, 7.0000000
 35.5837741, -0.8263042, 7.0000000
 35.5690108, -0.8128497, 7.0000000
 35.5542217, -0.7994238, 7.0000000
 35.5394071, -0.7860263, 7.0000000
 35.5245670, -0.7726570, 7.0000000
 35.5097015, -0.7593156, 7.0000000
 35.4948107, -0.7460019, 7.0000000
 35.4798947, -0.7327157, 7.0000000
 35.4649536, -0.7194567, 7.0000000
 35.4499874, -0.7062247, 7.0000000
 35.4349963, -0.6930195, 7.0000000
 35.4199803, -0.6798408, 7.0000000
 35.4049397, -0.6666885, 7.0000000
 35.3898743, -0.6535622, 7.0000000
 35.3747844, -0.6404617, 7.0000000
 35.3596700, -0.6273869, 7.0000000
 35.3445312, -0.6143374, 7.0000000
 35.3293682, -0.6013130, 7.0000000
 35.3141809, -0.5883136, 7.0000000
 35.2989695, -0.5753389, 7.0000000
 35.2837342, -0.5623886, 7.0000000
 35.2684749, -0.5494625, 7.0000000
 35.2531918, -0.5365604, 7.0000000
 35.2378849, -0.5236821, 7.0000000
 35.2225544, -0.5108272, 7.0000000
 35.2072004, -0.4979957, 7.0000000
 35.1918229, -0.4851872, 7.0000000
 35.1764220, -0.4724015, 7.0000000
 35.1609979, -0.4596384, 7.0000000
 35.1455506, -0.4468977, 7.0000000
 35.1300802, -0.4341791, 7.0000000
 35.1145868, -0.4214824, 7.0000000
 35.0990705, -0.4088074, 7.0000000
 35.0835314, -0.3961538, 7.0000000
 35.0679696, -0.3835213, 7.0000000
 35.0525300, -0.3710269, 7.0000000
 35.0370865, -0.3585671, 7.0000000
 35.0216214, -0.3461269, 7.0000000
 35.0061351, -0.3337059, 7.0000000
 34.9906278, -0.3213036, 7.0000000
 34.9750998, -0.3089195, 7.0000000
 34.9595515, -0.2965532, 7.0000000
 34.9439831, -0.2842042, 7.0000000
 34.9283949, -0.2718721, 7.0000000
 34.9127873, -0.2595563, 7.0000000
 34.8971606, -0.2472564, 7.0000000
 34.8815150, -0.2349721, 7.0000000
 34.8658509, -0.2227027, 7.0000000
 34.8501685, -0.2104478, 7.0000000
 34.8344682, -0.1982070, 7.0000000
 34.8187503, -0.1859798, 7.0000000
 34.8030150, -0.1737658, 7.0000000
 34.7872627, -0.1615644, 7.0000000
 34.7714937, -0.1493752, 7.0000000
 34.7557082, -0.1371978, 7.0000000
 34.7399067, -0.1250317, 7.0000000
 34.7240893, -0.1128764, 7.0000000
 34.7082564, -0.1007315, 7.0000000
 34.6924083, -0.0885964, 7.0000000
 34.6765453, -0.0764708, 7.0000000
 34.6606677, -0.0643542, 7.0000000
 34.6447758, -0.0522460, 7.0000000
 34.6288699, -0.0401459, 7.0000000
 34.6129503, -0.0280534, 7.0000000
 34.5970174, -0.0159680, 7.0000000
 34.5810713, -0.0038893, 7.0000000
 34.5651124, 0.0081833, 7.0000000
 34.5491411, 0.0202501, 7.0000000
 34.5331576, 0.0323117, 7.0000000
 34.5171622, 0.0443684, 7.0000000
 34.5011552, 0.0564208, 7.0000000
 34.4851370, 0.0684694, 7.0000000
 34.4691078, 0.0805145, 7.0000000
 34.4530679, 0.0925567, 7.0000000
 34.4370177, 0.1045965, 7.0000000
 34.4209574, 0.1166342, 7.0000000
 34.4048874, 0.1286703, 7.0000000
 34.3888079, 0.1407053, 7.0000000
 34.3727193, 0.1527398, 7.0000000
 34.3566218, 0.1647740, 7.0000000
 34.3405158, 0.1768086, 7.0000000
 34.3244016, 0.1888439, 7.0000000
 34.3082794, 0.2008804, 7.0000000
 34.2921495, 0.2129186, 7.0000000
 34.2760124, 0.2249590, 7.0000000
 34.2598682, 0.2370020, 7.0000000
 34.2437173, 0.2490481, 7.0000000
 34.2275600, 0.2610977, 7.0000000
 34.2113965, 0.2731513, 7.0000000
 34.1952273, 0.2852094, 7.0000000
 34.1791095, 0.2972298, 7.0000000
 34.1632773, 0.3090389, 7.0000000
 34.1474405, 0.3208537, 7.0000000
 34.1315993, 0.3326749, 7.0000000
 34.1157543, 0.3445030, 7.0000000
 34.0999056, 0.3563387, 7.0000000
 34.0840538, 0.3681825, 7.0000000
 34.0681990, 0.3800351, 7.0000000
 34.0523417, 0.3918969, 7.0000000
 34.0364822, 0.4037687, 7.0000000
 34.0206208, 0.4156509, 7.0000000
 34.0047579, 0.4275443, 7.0000000
 33.9888939, 0.4394493, 7.0000000
 33.9730291, 0.4513666, 7.0000000
 33.9571638, 0.4632967, 7.0000000
 33.9412984, 0.4752403, 7.0000000
 33.9254333, 0.4871979, 7.0000000
 33.9095687, 0.4991701, 7.0000000
 33.8937051, 0.5111576, 7.0000000
 33.8778428, 0.5231608, 7.0000000
 33.8619820, 0.5351804, 7.0000000
 33.8461233, 0.5472170, 7.0000000
 33.8302669, 0.5592712, 7.0000000
 33.8144131, 0.5713435, 7.0000000
 33.7985624, 0.5834346, 7.0000000
 33.7827151, 0.5955450, 7.0000000
 33.7668714, 0.6076753, 7.0000000
 33.7510318, 0.6198262, 7.0000000
 33.7351967, 0.6319981, 7.0000000
 33.7193663, 0.6441918, 7.0000000
 33.7035409, 0.6564077, 7.0000000
 33.6877211, 0.6686465, 7.0000000
 33.6719071, 0.6809088, 7.0000000
 33.6560992, 0.6931951, 7.0000000
 33.6402978, 0.7055060, 7.0000000
 33.6245032, 0.7178422, 7.0000000
 33.6087158, 0.7302042, 7.0000000
 33.5929360, 0.7425926, 7.0000000
 33.5771641, 0.7550080, 7.0000000
 33.5614004, 0.7674510, 7.0000000
 33.5456453, 0.7799222, 7.0000000
 33.5298991, 0.7924221, 7.0000000
 33.5141622, 0.8049514, 7.0000000
 33.4984349, 0.8175107, 7.0000000
 33.4827176, 0.8301005, 7.0000000
 33.4670106, 0.8427214, 7.0000000
 33.4513143, 0.8553740, 7.0000000
 33.4356290, 0.8680589, 7.0000000
 33.4199551, 0.8807767, 7.0000000
 33.4042929, 0.8935280, 7.0000000
 33.3886427, 0.9063134, 7.0000000
 33.3730050, 0.9191334, 7.0000000
 33.3573800, 0.9319887, 7.0000000
 33.3417681, 0.9448798, 7.0000000
 33.3261697, 0.9578074, 7.0000000
 33.3105851, 0.9707719, 7.0000000
 33.2950146, 0.9837741, 7.0000000
 33.2795842, 0.9967089, 7.0000000
 33.2646281, 1.0092944, 7.0000000
 33.2496861, 1.0219162, 7.0000000
 33.2347584, 1.0345748, 7.0000000
 33.2198454, 1.0472705, 7.0000000
 33.2049475, 1.0600039, 7.0000000
 33.1900650, 1.0727754, 7.0000000
 33.1751982, 1.0855854, 7.0000000
 33.1603474, 1.0984344, 7.0000000
 33.1455129, 1.1113227, 7.0000000
 33.1306951, 1.1242509, 7.0000000
 33.1158943, 1.1372193, 7.0000000
 33.1011108, 1.1502284, 7.0000000
 33.0863449, 1.1632786, 7.0000000
 33.0715971, 1.1763704, 7.0000000
 33.0568675, 1.1895043, 7.0000000
 33.0421565, 1.2026805, 7.0000000
 33.0274645, 1.2158997, 7.0000000
 33.0127917, 1.2291621, 7.0000000
 32.9981385, 1.2424683, 7.0000000
 32.9835053, 1.2558187, 7.0000000
 32.9688923, 1.2692137, 7.0000000
 32.9542998, 1.2826537, 7.0000000
 32.9397283, 1.2961393, 7.0000000
 32.9251779, 1.3096708, 7.0000000
 32.9106491, 1.3232486, 7.0000000
 32.8961422, 1.3368733, 7.0000000
 32.8816574, 1.3505451, 7.0000000
 32.8671952, 1.3642647, 7.0000000
 32.8527558, 1.3780324, 7.0000000
 32.8383396, 1.3918486, 7.0000000
 32.8239468, 1.4057138, 7.0000000
 32.8095779, 1.4196284, 7.0000000
 32.7952331, 1.4335929, 7.0000000
 32.7809128, 1.4476077, 7.0000000
 32.7666172, 1.4616732, 7.0000000
 32.7523468, 1.4757899, 7.0000000
 32.7381018, 1.4899581, 7.0000000
 32.7238825, 1.5041784, 7.0000000
 32.7096894, 1.5184512, 7.0000000
 32.6955226, 1.5327769, 7.0000000
 32.6813826, 1.5471559, 7.0000000
 32.6672697, 1.5615887, 7.0000000
 32.6531841, 1.5760758, 7.0000000
 32.6391263, 1.5906175, 7.0000000
 32.6250964, 1.6052142, 7.0000000
 32.6110950, 1.6198665, 7.0000000
 32.5971222, 1.6345748, 7.0000000
 32.5831784, 1.6493395, 7.0000000
 32.5692640, 1.6641610, 7.0000000
 32.5553792, 1.6790398, 7.0000000
 32.5415244, 1.6939762, 7.0000000
 32.5276999, 1.7089709, 7.0000000
 32.5139061, 1.7240241, 7.0000000
 32.5001432, 1.7391363, 7.0000000
 32.4864115, 1.7543080, 7.0000000
 32.4727115, 1.7695396, 7.0000000
 32.4590434, 1.7848315, 7.0000000
 32.4454076, 1.8001841, 7.0000000
 32.4318323, 1.8155662, 7.0000000
 32.4190385, 1.8301531, 7.0000000
 32.4062738, 1.8447944, 7.0000000
 32.3935383, 1.8594896, 7.0000000
 32.3808320, 1.8742386, 7.0000000
 32.3681547, 1.8890407, 7.0000000
 32.3555065, 1.9038958, 7.0000000
 32.3428873, 1.9188034, 7.0000000
 32.3302971, 1.9337632, 7.0000000
 32.3177359, 1.9487748, 7.0000000
 32.3052036, 1.9638377, 7.0000000
 32.2927002, 1.9789518, 7.0000000
 32.2802256, 1.9941165, 7.0000000
 32.2677799, 2.0093315, 7.0000000
 32.2553629, 2.0245964, 7.0000000
 32.2429748, 2.0399109, 7.0000000
 32.2306153, 2.0552747, 7.0000000
 32.2182845, 2.0706872, 7.0000000
 32.2059824, 2.0861482, 7.0000000
 32.1937088, 2.1016574, 7.0000000
 32.1814639, 2.1172142, 7.0000000
 32.1692475, 2.1328184, 7.0000000
 32.1570597, 2.1484695, 7.0000000
 32.1449003, 2.1641673, 7.0000000
 32.1327693, 2.1799113, 7.0000000
 32.1206668, 2.1957012, 7.0000000
 32.1085927, 2.2115366, 7.0000000
 32.0965469, 2.2274171, 7.0000000
 32.0845294, 2.2433424, 7.0000000
 32.0725402, 2.2593121, 7.0000000
 32.0605792, 2.2753258, 7.0000000
 32.0486465, 2.2913832, 7.0000000
 32.0367419, 2.3074838, 7.0000000
 32.0248654, 2.3236274, 7.0000000
 32.0130171, 2.3398135, 7.0000000
 32.0011968, 2.3560418, 7.0000000
 31.9894046, 2.3723119, 7.0000000
 31.9776404, 2.3886234, 7.0000000
 31.9659042, 2.4049760, 7.0000000
 31.9541959, 2.4213693, 7.0000000
 31.9425155, 2.4378029, 7.0000000
 31.9308629, 2.4542765, 7.0000000
 31.9192382, 2.4707896, 7.0000000
 31.9076413, 2.4873420, 7.0000000
 31.8960722, 2.5039332, 7.0000000
 31.8845308, 2.5205629, 7.0000000
 31.8730171, 2.5372308, 7.0000000
 31.8615311, 2.5539363, 7.0000000
 31.8500727, 2.5706792, 7.0000000
 31.8386419, 2.5874591, 7.0000000
 31.8272386, 2.6042757, 7.0000000
 31.8158629, 2.6211285, 7.0000000
 31.8045147, 2.6380172, 7.0000000
 31.7931939, 2.6549414, 7.0000000
 31.7819006, 2.6719008, 7.0000000
 31.7706346, 2.6888949, 7.0000000
 31.7593961, 2.7059235, 7.0000000
 31.7481848, 2.7229861, 7.0000000
 31.7370008, 2.7400824, 7.0000000
 31.7258441, 2.7572119, 7.0000000
 31.7147146, 2.7743744, 7.0000000
 31.7036123, 2.7915695, 7.0000000
 31.6925372, 2.8087968, 7.0000000
 31.6815844, 2.8259068, 7.0000000
 31.6709276, 2.8426238, 7.0000000
 31.6602953, 2.8593693, 7.0000000
 31.6496869, 2.8761427, 7.0000000
 31.6391016, 2.8929431, 7.0000000
 31.6285390, 2.9097699, 7.0000000
 31.6179982, 2.9266223, 7.0000000
 31.6074788, 2.9434995, 7.0000000
 31.5969799, 2.9604008, 7.0000000
 31.5865010, 2.9773255, 7.0000000
 31.5760414, 2.9942728, 7.0000000
 31.5656004, 3.0112420, 7.0000000
 31.5551775, 3.0282323, 7.0000000
 31.5447720, 3.0452430, 7.0000000
 31.5343831, 3.0622733, 7.0000000
 31.5240103, 3.0793226, 7.0000000
 31.5136530, 3.0963900, 7.0000000
 31.5033104, 3.1134748, 7.0000000
 31.4929819, 3.1305763, 7.0000000
 31.4826669, 3.1476938, 7.0000000
 31.4723647, 3.1648265, 7.0000000
 31.4620746, 3.1819736, 7.0000000
 31.4517961, 3.1991344, 7.0000000
 31.4415284, 3.2163082, 7.0000000
 31.4312710, 3.2334942, 7.0000000
 31.4210231, 3.2506917, 7.0000000
 31.4107842, 3.2678999, 7.0000000
 31.4005535, 3.2851181, 7.0000000
 31.3903304, 3.3023456, 7.0000000
 31.3801143, 3.3195816, 7.0000000
 31.3699045, 3.3368254, 7.0000000
 31.3597004, 3.3540762, 7.0000000
 31.3495013, 3.3713333, 7.0000000
 31.3393065, 3.3885959, 7.0000000
 31.3291155, 3.4058634, 7.0000000
 31.3189276, 3.4231349, 7.0000000
 31.3087421, 3.4404097, 7.0000000
 31.2985583, 3.4576870, 7.0000000
 31.2883757, 3.4749663, 7.0000000
 31.2781935, 3.4922466, 7.0000000
 31.2680111, 3.5095272, 7.0000000
 31.2578280, 3.5268075, 7.0000000
 31.2476433, 3.5440866, 7.0000000
 31.2374565, 3.5613638, 7.0000000
 31.2272669, 3.5786384, 7.0000000
 31.2170739, 3.5959097, 7.0000000
 31.2068769, 3.6131768, 7.0000000
 31.1966751, 3.6304391, 7.0000000
 31.1864679, 3.6476958, 7.0000000
 31.1762547, 3.6649462, 7.0000000
 31.1660348, 3.6821895, 7.0000000
 31.1558076, 3.6994250, 7.0000000
 31.1455724, 3.7166519, 7.0000000
 31.1353285, 3.7338695, 7.0000000
 31.1250754, 3.7510770, 7.0000000
 31.1148124, 3.7682738, 7.0000000
 31.1045388, 3.7854590, 7.0000000
 31.0942540, 3.8026320, 7.0000000
 31.0839573, 3.8197919, 7.0000000
 31.0736481, 3.8369381, 7.0000000
 31.0633257, 3.8540698, 7.0000000
 31.0529894, 3.8711863, 7.0000000
 31.0426387, 3.8882867, 7.0000000
 31.0322729, 3.9053705, 7.0000000
 31.0218913, 3.9224367, 7.0000000
 31.0114112, 3.9396191, 7.0000000
 31.0007508, 3.9570487, 7.0000000
 30.9900722, 3.9744577, 7.0000000
 30.9793752, 3.9918457, 7.0000000
 30.9686593, 4.0092118, 7.0000000
 30.9579243, 4.0265554, 7.0000000
 30.9471698, 4.0438759, 7.0000000
 30.9363955, 4.0611725, 7.0000000
 30.9256010, 4.0784447, 7.0000000
 30.9147859, 4.0956918, 7.0000000
 30.9039500, 4.1129130, 7.0000000
 30.8930928, 4.1301078, 7.0000000
 30.8822141, 4.1472754, 7.0000000
 30.8713134, 4.1644152, 7.0000000
 30.8603905, 4.1815265, 6.9974330
 30.8494450, 4.1986087, 6.9802703
 30.8384766, 4.2156611, 6.9632510
 30.8274849, 4.2326830, 6.9463759
 30.8164695, 4.2496738, 6.9296459
 30.8054301, 4.2666328, 6.9130618
 30.7943665, 4.2835593, 6.8966248
 30.7832781, 4.3004527, 6.8803358
 30.7721647, 4.3173123, 6.8641958
 30.7610260, 4.3341375, 6.8482061
 30.7498616, 4.3509275, 6.8323677
 30.7386711, 4.3676817, 6.8166819
 30.7274543, 4.3843994, 6.8011500
 30.7162106, 4.4010801, 6.7857732
 30.7049400, 4.4177229, 6.7705530
 30.6936418, 4.4343273, 6.7554907
 30.6823159, 4.4508926, 6.7405879
 30.6709619, 4.4674180, 6.7258459
 30.6595795, 4.4839031, 6.7112665
 30.6481682, 4.5003470, 6.6968512
 30.6367277, 4.5167491, 6.6826016
 30.6252578, 4.5331088, 6.6685196
 30.6137580, 4.5494254, 6.6546069
 30.6022281, 4.5656982, 6.6408653
 30.5906676, 4.5819265, 6.6272966
 30.5790762, 4.5981097, 6.6139029
 30.5674536, 4.6142472, 6.6006861
 30.5557995, 4.6303382, 6.5876482
 30.5441134, 4.6463821, 6.5747914
 30.5323951, 4.6623782, 6.5621177
 30.5206442, 4.6783259, 6.5496295
 30.5088603, 4.6942245, 6.5373288
 30.4970432, 4.7100734, 6.5252181
 30.4851924, 4.7258718, 6.5132998
 30.4733076, 4.7416191, 6.5015761
 30.4613885, 4.7573146, 6.4900497
 30.4494348, 4.7729577, 6.4787231
 30.4374460, 4.7885477, 6.4675987
 30.4254219, 4.8040839, 6.4566794
 30.4133620, 4.8195657, 6.4459677
 30.4012662, 4.8349924, 6.4354665
 30.3891339, 4.8503634, 6.4251785
 30.3769649, 4.8656779, 6.4151067
 30.3647588, 4.8809354, 6.4052539
 30.3525153, 4.8961351, 6.3956231
 30.3402340, 4.9112763, 6.3862175
 30.3279146, 4.9263585, 6.3770400
 30.3155567, 4.9413809, 6.3680939
 30.3031600, 4.9563430, 6.3593823
 30.2907242, 4.9712439, 6.3509086
 30.2771952, 4.9873316, 6.3426760
 30.2635063, 5.0034807, 6.3344332
 30.2497720, 5.0195548, 6.3261139
 30.2359936, 5.0355535, 6.3176857
 30.2221720, 5.0514761, 6.3091513
 30.2083082, 5.0673222, 6.3005130
 30.1944035, 5.0830912, 6.2917733
 30.1804586, 5.0987826, 6.2829349
 30.1664749, 5.1143958, 6.2740002
 30.1524532, 5.1299303, 6.2649719
 30.1383946, 5.1453855, 6.2558526
 30.1243003, 5.1607610, 6.2466450
 30.1101711, 5.1760561, 6.2373518
 30.0960083, 5.1912704, 6.2279758
 30.0818127, 5.2064032, 6.2185198
 30.0675856, 5.2214541, 6.2089866
 30.0533279, 5.2364225, 6.1993791
 30.0390407, 5.2513079, 6.1897004
 30.0247250, 5.2661098, 6.1799532
 30.0103818, 5.2808275, 6.1701408
 29.9960124, 5.2954606, 6.1602663
 29.9816176, 5.3100084, 6.1503327
 29.9671985, 5.3244706, 6.1403434
 29.9527562, 5.3388465, 6.1303015
 29.9382918, 5.3531356, 6.1202106
 29.9238062, 5.3673374, 6.1100739
 29.9093005, 5.3814512, 6.0998951
 29.8947759, 5.3954767, 6.0896777
 29.8802332, 5.4094132, 6.0794253
 29.8656737, 5.4232602, 6.0691418
 29.8510983, 5.4370171, 6.0588309
 29.8365080, 5.4506835, 6.0484965
 29.8219040, 5.4642587, 6.0381454
 29.8072873, 5.4777423, 6.0277834
 29.7926589, 5.4911337, 6.0174149
 29.7780199, 5.5044324, 6.0070444
 29.7633713, 5.5176378, 5.9966764
 29.7487142, 5.5307493, 5.9863159
 29.7340496, 5.5437665, 5.9759675
 29.7193786, 5.5566888, 5.9656364
 29.7047022, 5.5695157, 5.9553277
 29.6900215, 5.5822466, 5.9450467
 29.6753376, 5.5948810, 5.9347989
 29.6606514, 5.6074183, 5.9245900
 29.6459640, 5.6198580, 5.9144256
 29.6312766, 5.6321996, 5.9043120
 29.6165900, 5.6444426, 5.8942552
 29.6019054, 5.6565863, 5.8842617
 29.5872239, 5.6686302, 5.8743381
 29.5725464, 5.6805739, 5.8644912
 29.5578741, 5.6924167, 5.8547281
 29.5432079, 5.7041582, 5.8450560
 29.5285490, 5.7157978, 5.8354827
 29.5138983, 5.7273349, 5.8260159
 29.4992570, 5.7387690, 5.8166637
 29.4846261, 5.7500996, 5.8074345
 29.4700065, 5.7613261, 5.7983371
 29.4553995, 5.7724480, 5.7893806
 29.4387062, 5.7850422, 5.7805742
 29.4217736, 5.7976915, 5.7717548
 29.4048570, 5.8102039, 5.7628782
 29.3879551, 5.8225823, 5.7539019
 29.3710665, 5.8348292, 5.7448079
 29.3541901, 5.8469474, 5.7355781
 29.3373245, 5.8589397, 5.7261937
 29.3204685, 5.8708086, 5.7166359
 29.3036207, 5.8825570, 5.7068854
 29.2867799, 5.8941875, 5.6969227
 29.2699447, 5.9057029, 5.6867281
 29.2531140, 5.9171057, 5.6762817
 29.2362864, 5.9283989, 5.6655635
 29.2194606, 5.9395850, 5.6545533
 29.2026354, 5.9506667, 5.6432308
 29.1858094, 5.9616468, 5.6315757
 29.1689814, 5.9725280, 5.6195677
 29.1521501, 5.9833130, 5.6071867
 29.1353142, 5.9940044, 5.5944123
 29.1184724, 6.0046051, 5.5812246
 29.1016234, 6.0151176, 5.5676037
 29.0847660, 6.0255448, 5.5535297
 29.0678989, 6.0358892, 5.5389834
 29.0510207, 6.0461537, 5.5239455
 29.0341302, 6.0563409, 5.5083970
 29.0172261, 6.0664536, 5.4923195
 29.0003072, 6.0764944, 5.4756949
 28.9833720, 6.0864660, 5.4585053
 28.9664194, 6.0963712, 5.4407335
 28.9494481, 6.1062126, 5.4223626
 28.9324568, 6.1159930, 5.4033764
 28.9154441, 6.1257151, 5.3837590
 28.8984089, 6.1353815, 5.3634952
 28.8813498, 6.1449950, 5.3425704
 28.8642655, 6.1545584, 5.3209703
 28.8471547, 6.1640742, 5.2986815
 28.8300163, 6.1735452, 5.2756912
 28.8128488, 6.1829741, 5.2519871
 28.7956510, 6.1923637, 5.2275574
 28.7784216, 6.2017165, 5.2023912
 28.7611593, 6.2110354, 5.1764782
 28.7438628, 6.2203231, 5.1498084
 28.7265310, 6.2295821, 5.1223727
 28.7091623, 6.2388154, 5.0941625
 28.6917557, 6.2480254, 5.0651700
 28.6743097, 6.2572151, 5.0353875
 28.6568232, 6.2663870, 5.0048082
 28.6392948, 6.2755439, 4.9734258
 28.6217232, 6.2846884, 4.9412343
 28.6041072, 6.2938234, 4.9082284
 28.5871931, 6.3025645, 4.8744030
 28.5702776, 6.3112735, 4.8408255
 28.5533167, 6.3199676, 4.8081478
 28.5363086, 6.3286423, 4.7763488
 28.5192517, 6.3372930, 4.7454087
 28.5021439, 6.3459154, 4.7153087
 28.4849836, 6.3545048, 4.6860309
 28.4677689, 6.3630568, 4.6575585
 28.4504979, 6.3715669, 4.6298755
 28.4331690, 6.3800307, 4.6029669
 28.4157802, 6.3884435, 4.5768181
 28.3983298, 6.3968010, 4.5514154
 28.3808159, 6.4050986, 4.5267458
 28.3632368, 6.4133318, 4.5027968
 28.3455906, 6.4214962, 4.4795563
 28.3278755, 6.4295872, 4.4570127
 28.3100897, 6.4376003, 4.4351549
 28.2922314, 6.4455311, 4.4139719
 28.2742987, 6.4533750, 4.3934531
 28.2562899, 6.4611276, 4.3735880
 28.2382032, 6.4687844, 4.3543661
 28.2200367, 6.4763408, 4.3357773
 28.2017886, 6.4837924, 4.3178112
 28.1834571, 6.4911346, 4.3004572
 28.1650404, 6.4983630, 4.2837049
 28.1465367, 6.5054731, 4.2675434
 28.1279442, 6.5124604, 4.2519615
 28.1092610, 6.5193204, 4.2369478
 28.0904854, 6.5260486, 4.2224904
 28.0716155, 6.5326405, 4.2085769
 28.0526496, 6.5390916, 4.1951942
 28.0335857, 6.5453974, 4.1823287
 28.0144222, 6.5515534, 4.1699662
 27.9951571, 6.5575551, 4.1580916
 27.9757887, 6.5633981, 4.1466889
 27.9563152, 6.5690777, 4.1357413
 27.9367347, 6.5745897, 4.1252312
 27.9170455, 6.5799293, 4.1151398
 27.8972457, 6.5850922, 4.1054474
 27.8773335, 6.5900738, 4.0961332
 27.8573070, 6.5948697, 4.0871751
 27.8371646, 6.5994754, 4.0785502
 27.8169044, 6.6038863, 4.0702341
 27.7965245, 6.6080979, 4.0622014
 27.7760231, 6.6121058, 4.0544254
 27.7553985, 6.6159056, 4.0468782
 27.7346489, 6.6194925, 4.0395306
 27.7137723, 6.6228623, 4.0323524
 27.6927670, 6.6260104, 4.0253121
 27.6716313, 6.6289322, 4.0183770
 27.6503631, 6.6316233, 4.0115133
 27.6289609, 6.6340793, 4.0046861
 27.6087846, 6.6361631, 3.9978595
 27.5891766, 6.6379754, 3.9910325
 27.5694671, 6.6395891, 3.9836889
 27.5496624, 6.6410036, 3.9756066
 27.5297686, 6.6422183, 3.9668194
 27.5097922, 6.6432327, 3.9573598
 27.4897393, 6.6440463, 3.9472594
 27.4696162, 6.6446586, 3.9365487
 27.4494292, 6.6450690, 3.9252575
 27.4291845, 6.6452769, 3.9134145
 27.4088885, 6.6452819, 3.9010475
 27.3885473, 6.6450833, 3.8881839
 27.3681673, 6.6446807, 3.8748501
 27.3477548, 6.6440735, 3.8610721
 27.3273159, 6.6432611, 3.8468753
 27.3068570, 6.6422431, 3.8322846
 27.2863843, 6.6410188, 3.8173247
 27.2659040, 6.6395878, 3.8020196
 27.2454226, 6.6379495, 3.7863933
 27.2249461, 6.6361033, 3.7704696
 27.2044810, 6.6340488, 3.7542720
 27.1840334, 6.6317853, 3.7378241
 27.1636096, 6.6293124, 3.7211492
 27.1432159, 6.6266295, 3.7042711
 27.1228586, 6.6237360, 3.6872133
 27.1025439, 6.6206315, 3.6699997
 27.0822781, 6.6173153, 3.6526546
 27.0620674, 6.6137870, 3.6352050
 27.0419182, 6.6100460, 3.6177009
 27.0218367, 6.6060917, 3.6001688
 27.0018291, 6.6019237, 3.5826358
 26.9819017, 6.5975413, 3.5651300
 26.9620608, 6.5929441, 3.5476803
 26.9423127, 6.5881315, 3.5303164
 26.9226637, 6.5831029, 3.5130693
 26.9031199, 6.5778579, 3.4959712
 26.8836876, 6.5723958, 3.4790553
 26.8643732, 6.5667162, 3.4623566
 26.8451829, 6.5608184, 3.4459112
 26.8261230, 6.5547020, 3.4297574
 26.8071997, 6.5483665, 3.4139348
 26.7884192, 6.5418112, 3.3984851
 26.7697880, 6.5350357, 3.3834520
 26.7513121, 6.5280393, 3.3688817
 26.7329980, 6.5208216, 3.3548222
 26.7148518, 6.5133820, 3.3413246
 26.6968798, 6.5057200, 3.3284422
 26.6790884, 6.4978351, 3.3162314
 26.6614837, 6.4897266, 3.3047515
 26.6440720, 6.4813941, 3.2940649
 26.6268597, 6.4728370, 3.2842373
 26.6098528, 6.4640548, 3.2753380
 26.5930579, 6.4550469, 3.2674398
 26.5764810, 6.4458128, 3.2606193
 26.5601285, 6.4363519, 3.2549568
 26.5440066, 6.4266638, 3.2505369
 26.5281216, 6.4167479, 3.2474480
 26.5124798, 6.4066036, 3.2457828
 26.4951154, 6.3948745, 3.2456380
 26.4779207, 6.3827562, 3.2454932
 26.4610412, 6.3703554, 3.2455966
 26.4444722, 6.3576793, 3.2461515
 26.4282092, 6.3447355, 3.2472191
 26.4122476, 6.3315314, 3.2488542
 26.3965826, 6.3180744, 3.2511054
 26.3812098, 6.3043719, 3.2540153
 26.3661244, 6.2904314, 3.2576209
 26.3513220, 6.2762603, 3.2619531
 26.3367978, 6.2618660, 3.2670380
 26.3225472, 6.2472560, 3.2728965
 26.3085657, 6.2324377, 3.2795448
 26.2948486, 6.2174184, 3.2869949
 26.2813913, 6.2022057, 3.2952549
 26.2681893, 6.1868070, 3.3043294
 26.2552378, 6.1712297, 3.3142198
 26.2425322, 6.1554812, 3.3249248
 26.2300680, 6.1395689, 3.3364405
 26.2178406, 6.1235003, 3.3487611
 26.2058453, 6.1072829, 3.3618790
 26.1940774, 6.0909240, 3.3757852
 26.1825325, 6.0744310, 3.3904695
 26.1712059, 6.0578114, 3.4059210
 26.1600929, 6.0410727, 3.4221280
 26.1491890, 6.0242222, 3.4390786
 26.1384895, 6.0072674, 3.4567607
 26.1279899, 5.9902157, 3.4751623
 26.1176854, 5.9730746, 3.4942719
 26.1075716, 5.9558514, 3.5140781
 26.0976437, 5.9385536, 3.5345703
 26.0878972, 5.9211887, 3.5557388
 26.0783275, 5.9037640, 3.5775748
 26.0689299, 5.8862869, 3.6000704
 26.0596998, 5.8687650, 3.6232192
 26.0506326, 5.8512056, 3.6470160
 26.0417238, 5.8336162, 3.6714570
 26.0329686, 5.8160042, 3.6965402
 26.0243625, 5.7983770, 3.7222653
 26.0159009, 5.7807421, 3.7486338
 26.0075790, 5.7631068, 3.7756495
 25.9993925, 5.7454787, 3.8033179
 25.9913365, 5.7278651, 3.8309114
 25.9834065, 5.7102735, 3.8583051
 25.9755980, 5.6927112, 3.8855033
 25.9679061, 5.6751858, 3.9125100
 25.9603265, 5.6577047, 3.9393291
 25.9528544, 5.6402752, 3.9659646
 25.9454852, 5.6229048, 3.9924200
 25.9382143, 5.6056010, 4.0186989
 25.9308663, 5.5879591, 4.0448047
 25.9230624, 5.5690560, 4.0707409
 25.9153724, 5.5502405, 4.0965105
 25.9077998, 5.5315051, 4.1221168
 25.9003482, 5.5128424, 4.1475627
 25.8930209, 5.4942447, 4.1728512
 25.8858216, 5.4757048, 4.1979851
 25.8787537, 5.4572150, 4.2229672
 25.8718207, 5.4387679, 4.2476217
 25.8650261, 5.4203561, 4.2579304
 25.8583735, 5.4019720, 4.2379463
 25.8518662, 5.3836081, 4.2192230
 25.8455079, 5.3652571, 4.2017564
 25.8393021, 5.3469113, 4.1855384
 25.8332522, 5.3285634, 4.1705570
 25.8273617, 5.3102058, 4.1567955
 25.8216342, 5.2918311, 4.1442331
 25.8160731, 5.2734318, 4.1328440
 25.8106819, 5.2550003, 4.1225975
 25.8054643, 5.2365293, 4.1134579
 25.8004235, 5.2180113, 4.1053844
 25.7955632, 5.1994387, 4.0983308
 25.7908869, 5.1808042, 4.0922458
 25.7863981, 5.1621001, 4.0870729
 25.7821002, 5.1433190, 4.0827501
 25.7779967, 5.1244535, 4.0792109
 25.7740913, 5.1054961, 4.0763835
 25.7703873, 5.0864393, 4.0741917
 25.7668883, 5.0672756, 4.0725551
 25.7635978, 5.0479975, 4.0713892
 25.7605192, 5.0285976, 4.0706063
 25.7576561, 5.0090683, 4.0701154
 25.7550121, 4.9894022, 4.0698233
 25.7525905, 4.9695919, 4.0696348
 25.7503949, 4.9496298, 4.0694533
 25.7484288, 4.9295084, 4.0692718
 25.7466956, 4.9092203, 4.0691783
 25.7451990, 4.8887580, 4.0692635
 25.7439424, 4.8681141, 4.0696130
 25.7429293, 4.8472809, 4.0703071
 25.7421632, 4.8262512, 4.0714204
 25.7416476, 4.8050173, 4.0730215
 25.7413861, 4.7835718, 4.0751730
 25.7413820, 4.7619072, 4.0779315
 25.7416390, 4.7400160, 4.0813471
 25.7421604, 4.7178908, 4.0854643
 25.7428954, 4.6968614, 4.0903212
 25.7436637, 4.6797162, 4.0959502
 25.7445882, 4.6624328, 4.1024121
 25.7456687, 4.6450151, 4.1097694
 25.7469053, 4.6274667, 4.1179464
 25.7482978, 4.6097913, 4.1268728
 25.7498463, 4.5919925, 4.1364834
 25.7515506, 4.5740742, 4.1467175
 25.7534107, 4.5560398, 4.1575189
 25.7554265, 4.5378932, 4.1688351
 25.7575980, 4.5196380, 4.1806171
 25.7599251, 4.5012778, 4.1928192
 25.7624078, 4.4828164, 4.2053987
 25.7650459, 4.4642575, 4.2183157
 25.7678395, 4.4456047, 4.2315328
 25.7707885, 4.4268618, 4.2450146
 25.7738927, 4.4080323, 4.2587284
 25.7771523, 4.3891200, 4.2726429
 25.7805670, 4.3701286, 4.2867289
 25.7841368, 4.3510618, 4.3009589
 25.7878618, 4.3319231, 4.3153067
 25.7917417, 4.3127164, 4.3297477
 25.7957766, 4.2934453, 4.3442585
 25.7999664, 4.2741135, 4.3588169
 25.8043110, 4.2547246, 4.3734018
 25.8088104, 4.2352824, 4.3879933
 25.8134645, 4.2157905, 4.4025722
 25.8182733, 4.1962526, 4.4171201
 25.8232366, 4.1766724, 4.4316198
 25.8283545, 4.1570536, 4.4460545
 25.8336269, 4.1373999, 4.4604080
 25.8390537, 4.1177149, 4.4746651
 25.8446348, 4.0980023, 4.4888108
 25.8503702, 4.0782658, 4.5028309
 25.8562599, 4.0585092, 4.5167116
 25.8623037, 4.0387360, 4.5304394
 25.8685017, 4.0189499, 4.5440014
 25.8748537, 3.9991548, 4.5573850
 25.8813597, 3.9793541, 4.5705780
 25.8880197, 3.9595516, 4.5835684
 25.8948335, 3.9397511, 4.5963446
 25.9018012, 3.9199561, 4.6088953
 25.9089226, 3.9001704, 4.6212093
 25.9161977, 3.8803976, 4.6332757
 25.9236264, 3.8606414, 4.6450837
 25.9312087, 3.8409055, 4.6566230
 25.9389445, 3.8211936, 4.6678830
 25.9468338, 3.8015094, 4.6788537
 25.9548765, 3.7818566, 4.6895249
 25.9630726, 3.7622388, 4.6998867
 25.9714219, 3.7426597, 4.7099293
 25.9799244, 3.7231230, 4.7196429
 25.9885801, 3.7036324, 4.7290179
 25.9973888, 3.6841916, 4.7380447
 26.0063507, 3.6648042, 4.7467140
 26.0154655, 3.6454739, 4.7550163
 26.0247332, 3.6262045, 4.7629423
 26.0341538, 3.6069996, 4.7704827
 26.0437271, 3.5878628, 4.7776284
 26.0534533, 3.5687979, 4.7843703
 26.0633321, 3.5498086, 4.7906993
 26.0728048, 3.5319415, 4.7966065
 26.0821903, 3.5145533, 4.8020829
 26.0917027, 3.4972321, 4.8077235
 26.1013401, 3.4799773, 4.8137650
 26.1111008, 3.4627880, 4.8202061
 26.1209828, 3.4456635, 4.8270453
 26.1309845, 3.4286030, 4.8342811
 26.1411038, 3.4116057, 4.8419116
 26.1513391, 3.3946709, 4.8499348
 26.1616884, 3.3777979, 4.8583484
 26.1721500, 3.3609858, 4.8671501
 26.1827221, 3.3442340, 4.8763376
 26.1934027, 3.3275415, 4.8859081
 26.2041901, 3.3109077, 4.8958591
 26.2150825, 3.2943319, 4.9061878
 26.2260780, 3.2778131, 4.9168914
 26.2371748, 3.2613508, 4.9279670
 26.2483711, 3.2449440, 4.9394118
 26.2596650, 3.2285921, 4.9512227
 26.2710547, 3.2122943, 4.9633969
 26.2825384, 3.1960498, 4.9759313
 26.2941142, 3.1798579, 4.9888231
 26.3057804, 3.1637177, 5.0020693
 26.3175351, 3.1476286, 5.0156670
 26.3293765, 3.1315897, 5.0296133
 26.3413027, 3.1156003, 5.0439053
 26.3533120, 3.0996597, 5.0585404
 26.3654024, 3.0837670, 5.0735159
 26.3775722, 3.0679216, 5.0888289
 26.3898196, 3.0521225, 5.1044771
 26.4021426, 3.0363692, 5.1204579
 26.4145396, 3.0206607, 5.1367689
 26.4270086, 3.0049964, 5.1534078
 26.4395479, 2.9893755, 5.1703725
 26.4521555, 2.9737972, 5.1876608
 26.4648298, 2.9582608, 5.2052708
 26.4775688, 2.9427654, 5.2232006
 26.4903707, 2.9273104, 5.2414485
 26.5032337, 2.9118949, 5.2600129
 26.5161560, 2.8965183, 5.2788923
 26.5291357, 2.8811796, 5.2980855
 26.5421710, 2.8658782, 5.3175912
 26.5552602, 2.8506134, 5.3372464
 26.5684013, 2.8353843, 5.3568277
 26.5815925, 2.8201901, 5.3763359
 26.5948320, 2.8050302, 5.3957720
 26.6081180, 2.7899037, 5.4151365
 26.6214487, 2.7748098, 5.4344303
 26.6348222, 2.7597479, 5.4536541
 26.6482367, 2.7447172, 5.4728087
 26.6616904, 2.7297168, 5.4918948
 26.6751814, 2.7147461, 5.5109131
 26.6887079, 2.6998043, 5.5298643
 26.7022681, 2.6848905, 5.5487491
 26.7158602, 2.6700040, 5.5675682
 26.7294823, 2.6551442, 5.5863222
 26.7431326, 2.6403101, 5.6050118
 26.7568093, 2.6255011, 5.6236376
 26.7705106, 2.6107163, 5.6422003
 26.7842346, 2.5959551, 5.6607004
 26.7979795, 2.5812166, 5.6791387
 26.8117434, 2.5665001, 5.6975156
 26.8255246, 2.5518048, 5.7158318
 26.8393212, 2.5371299, 5.7340879
 26.8531314, 2.5224748, 5.7522845
 26.8669603, 2.5078312, 5.7704220
 26.8808415, 2.4931617, 5.7885011
 26.8947326, 2.4785102, 5.8065223
 26.9086333, 2.4638766, 5.8244862
 26.9225433, 2.4492604, 5.8423932
 26.9364624, 2.4346615, 5.8602439
 26.9503902, 2.4200796, 5.8780388
 26.9643264, 2.4055144, 5.8957784
 26.9782707, 2.3909655, 5.9134632
 26.9922228, 2.3764328, 5.9310938
 27.0061825, 2.3619159, 5.9486705
 27.0201494, 2.3474146, 5.9661938
 27.0341231, 2.3329286, 5.9836643
 27.0481035, 2.3184576, 6.0010824
 27.0620903, 2.3040013, 6.0184485
 27.0760830, 2.2895594, 6.0357632
 27.0900814, 2.2751318, 6.0530267
 27.1040853, 2.2607180, 6.0702396
 27.1180942, 2.2463179, 6.0874023
 27.1321080, 2.2319310, 6.1045153
 27.1461263, 2.2175573, 6.1215789
 27.1601488, 2.2031963, 6.1385935
 27.1741752, 2.1888478, 6.1555596
 27.1882052, 2.1745115, 6.1724775
 27.2022385, 2.1601872, 6.1893478
 27.2162748, 2.1458745, 6.2061706
 27.2303138, 2.1315732, 6.2229465
 27.2443552, 2.1172830, 6.2396758
 27.2583987, 2.1030036, 6.2563588
 27.2724441, 2.0887348, 6.2729960
 27.2864909, 2.0744762, 6.2895878
 27.3005389, 2.0602276, 6.3061344
 27.3145878, 2.0459887, 6.3226362
 27.3286373, 2.0317593, 6.3390936
 27.3426872, 2.0175389, 6.3555069
 27.3567370, 2.0033275, 6.3718765
 27.3707865, 1.9891246, 6.3882027
 27.3848354, 1.9749301, 6.4044858
 27.3988834, 1.9607436, 6.4207262
 27.4129302, 1.9465648, 6.4369241
 27.4269755, 1.9323935, 6.4530800
 27.4410190, 1.9182294, 6.4691940
 27.4550603, 1.9040722, 6.4852666
 27.4690993, 1.8899217, 6.5012981
 27.4831355, 1.8757775, 6.5172887
 27.4971688, 1.8616393, 6.5332387
 27.5111987, 1.8475070, 6.5491484
 27.5252250, 1.8333802, 6.5650182
 27.5392474, 1.8192586, 6.5808483
 27.5532656, 1.8051420, 6.5966390
 27.5672792, 1.7910301, 6.6123906
 27.5812881, 1.7769226, 6.6281034
 27.5952918, 1.7628192, 6.6437776
 27.6092901, 1.7487196, 6.6594135
 27.6232827, 1.7346236, 6.6750115
 27.6372693, 1.7205309, 6.6905716
 27.6512496, 1.7064412, 6.7060943
 27.6652232, 1.6923542, 6.7215797
 27.6791899, 1.6782696, 6.7370282
 27.6931494, 1.6641873, 6.7524399
 27.7071014, 1.6501068, 6.7678152
 27.7210455, 1.6360279, 6.7831543
 27.7349815, 1.6219504, 6.7984574
 27.7489091, 1.6078739, 6.8137248
 27.7628280, 1.5937982, 6.8289566
 27.7767378, 1.5797229, 6.8441533
 27.7908768, 1.5654064, 6.8593149
 27.8050675, 1.5510278, 6.8744417
 27.8192485, 1.5366494, 6.8895340
 27.8334197, 1.5222712, 6.9045919
 27.8475812, 1.5078932, 6.9196157
 27.8617330, 1.4935154, 6.9346056
 27.8758752, 1.4791378, 6.9495619
 27.8900077, 1.4647605, 6.9644847
 27.9041306, 1.4503834, 6.9793743
 27.9182439, 1.4360065, 6.9942309
 27.9323477, 1.4216299, 7.0000000
 27.9464419, 1.4072536, 7.0000000
 27.9605266, 1.3928776, 7.0000000
 27.9746018, 1.3785019, 7.0000000
 27.9886675, 1.3641265, 7.0000000
 28.0027238, 1.3497514, 7.0000000
 28.0167706, 1.3353766, 7.0000000
 28.0308081, 1.3210022, 7.0000000
 28.0448362, 1.3066281, 7.0000000
 28.0588549, 1.2922544, 7.0000000
 28.0728644, 1.2778811, 7.0000000
 28.0868645, 1.2635081, 7.0000000
 28.1008553, 1.2491355, 7.0000000
 28.1148369, 1.2347633, 7.0000000
 28.1288092, 1.2203915, 7.0000000
 28.1427724, 1.2060202, 7.0000000
 28.1567263, 1.1916493, 7.0000000
 28.1706711, 1.1772788, 7.0000000
 28.1846068, 1.1629087, 7.0000000
 28.1985334, 1.1485392, 7.0000000
 28.2124509, 1.1341701, 7.0000000
 28.2263593, 1.1198015, 7.0000000
 28.2402586, 1.1054333, 7.0000000
 28.2541490, 1.0910657, 7.0000000
 28.2680304, 1.0766986, 7.0000000
 28.2819028, 1.0623321, 7.0000000
 28.2957662, 1.0479660, 7.0000000
 28.3096208, 1.0336005, 7.0000000
 28.3234664, 1.0192356, 7.0000000
 28.3373032, 1.0048712, 7.0000000
 28.3511311, 0.9905074, 7.0000000
 28.3649502, 0.9761442, 7.0000000
 28.3787605, 0.9617816, 7.0000000
 28.3925621, 0.9474196, 7.0000000
 28.4063548, 0.9330582, 7.0000000
 28.4201389, 0.9186974, 7.0000000
 28.4339142, 0.9043373, 7.0000000
 28.4476809, 0.8899778, 7.0000000
 28.4614389, 0.8756190, 7.0000000
 28.4751883, 0.8612608, 7.0000000
 28.4889291, 0.8469034, 7.0000000
 28.5026613, 0.8325466, 7.0000000
 28.5163849, 0.8181905, 7.0000000
 28.5301000, 0.8038352, 7.0000000
 28.5438066, 0.7894805, 7.0000000
 28.5575047, 0.7751266, 7.0000000
 28.5711943, 0.7607734, 7.0000000
 28.5848755, 0.7464210, 7.0000000
 28.5985483, 0.7320694, 7.0000000
 28.6122127, 0.7177185, 7.0000000
 28.6258687, 0.7033684, 7.0000000
 28.6395164, 0.6890191, 7.0000000
 28.6531558, 0.6746706, 7.0000000
 28.6667868, 0.6603229, 7.0000000
 28.6806509, 0.6457219, 7.0000000
 28.6945559, 0.6310696, 7.0000000
 28.7084523, 0.6164181, 7.0000000
 28.7223401, 0.6017676, 7.0000000
 28.7362192, 0.5871180, 7.0000000
 28.7500898, 0.5724694, 7.0000000
 28.7639517, 0.5578218, 7.0000000
 28.7778050, 0.5431752, 7.0000000
 28.7916497, 0.5285296, 7.0000000
 28.8054858, 0.5138851, 7.0000000
 28.8193133, 0.4992417, 7.0000000
 28.8331322, 0.4845993, 7.0000000
 28.8469426, 0.4699581, 7.0000000
 28.8607443, 0.4553180, 7.0000000
 28.8745374, 0.4406791, 7.0000000
 28.8883219, 0.4260414, 7.0000000
 28.9020978, 0.4114048, 7.0000000
 28.9158652, 0.3967695, 7.0000000
 28.9296240, 0.3821355, 7.0000000
 28.9433741, 0.3675027, 7.0000000
 28.9571158, 0.3528712, 7.0000000
 28.9708488, 0.3382410, 7.0000000
 28.9845732, 0.3236121, 7.0000000
 28.9982891, 0.3089847, 7.0000000
 29.0119964, 0.2943585, 7.0000000
 29.0256951, 0.2797338, 7.0000000
 29.0393853, 0.2651105, 7.0000000
 29.0530669, 0.2504887, 7.0000000
 29.0667400, 0.2358683, 7.0000000
 29.0804044, 0.2212494, 7.0000000
 29.0940604, 0.2066320, 7.0000000
 29.1077077, 0.1920161, 7.0000000
 29.1213465, 0.1774018, 7.0000000
 29.1349768, 0.1627891, 7.0000000
 29.1485985, 0.1481779, 7.0000000
 29.1622117, 0.1335684, 7.0000000
 29.1758163, 0.1189605, 7.0000000
 29.1894124, 0.1043543, 7.0000000
 29.2029999, 0.0897497, 7.0000000
 29.2165789, 0.0751469, 7.0000000
 29.2301494, 0.0605458, 7.0000000
 29.2437113, 0.0459464, 7.0000000
 29.2572647, 0.0313488, 7.0000000
 29.2708096, 0.0167529, 7.0000000
 29.2843459, 0.0021589, 7.0000000
 29.2978738, -0.0124332, 7.0000000
 29.3113931, -0.0270236, 7.0000000
 29.3249038, -0.0416120, 7.0000000
 29.3384061, -0.0561986, 7.0000000
 29.3518998, -0.0707832, 7.0000000
 29.3653851, -0.0853659, 7.0000000
 29.3788618, -0.0999466, 7.0000000
 29.3923300, -0.1145254, 7.0000000
 29.4057897, -0.1291021, 7.0000000
 29.4192409, -0.1436768, 7.0000000
 29.4326836, -0.1582495, 7.0000000
 29.4461178, -0.1728201, 7.0000000
 29.4595435, -0.1873886, 7.0000000
 29.4729607, -0.2019550, 7.0000000
 29.4863695, -0.2165192, 7.0000000
 29.4997697, -0.2310813, 7.0000000
 29.5131614, -0.2456412, 7.0000000
 29.5266100, -0.2602701, 7.0000000
 29.5403092, -0.2751787, 7.0000000
 29.5539994, -0.2900849, 7.0000000
 29.5676806, -0.3049887, 7.0000000
 29.5813530, -0.3198900, 7.0000000
 29.5950165, -0.3347888, 7.0000000
 29.6086710, -0.3496851, 7.0000000
 29.6223166, -0.3645787, 7.0000000
 29.6359533, -0.3794698, 7.0000000
 29.6495810, -0.3943581, 7.0000000
 29.6631998, -0.4092438, 7.0000000
 29.6768097, -0.4241266, 7.0000000
 29.6904106, -0.4390067, 7.0000000
 29.7040026, -0.4538839, 7.0000000
 29.7175856, -0.4687582, 7.0000000
 29.7311596, -0.4836296, 7.0000000
 29.7447247, -0.4984980, 7.0000000
 29.7582808, -0.5133634, 7.0000000
 29.7718280, -0.5282257, 7.0000000
 29.7853661, -0.5430849, 7.0000000
 29.7988953, -0.5579410, 7.0000000
 29.8124155, -0.5727938, 7.0000000
 29.8259267, -0.5876435, 7.0000000
 29.8394290, -0.6024898, 7.0000000
 29.8529222, -0.6173328, 7.0000000
 29.8664064, -0.6321725, 7.0000000
 29.8798816, -0.6470087, 7.0000000
 29.8933479, -0.6618415, 7.0000000
 29.9068051, -0.6766708, 7.0000000
 29.9202533, -0.6914966, 7.0000000
 29.9336924, -0.7063188, 7.0000000
 29.9471226, -0.7211373, 7.0000000
 29.9605437, -0.7359522, 7.0000000
 29.9739558, -0.7507634, 7.0000000
 29.9873588, -0.7655708, 7.0000000
 30.0007528, -0.7803745, 7.0000000
 30.0141378, -0.7951743, 7.0000000
 30.0275137, -0.8099702, 7.0000000
 30.0408805, -0.8247622, 7.0000000
 30.0542383, -0.8395502, 7.0000000
 30.0675871, -0.8543342, 7.0000000
 30.0809268, -0.8691141, 7.0000000
 30.0942574, -0.8838900, 7.0000000
 30.1075789, -0.8986617, 7.0000000
 30.1208913, -0.9134293, 7.0000000
 30.1341947, -0.9281926, 7.0000000
 30.1474890, -0.9429516, 7.0000000
 30.1607742, -0.9577064, 7.0000000
 30.1740503, -0.9724567, 7.0000000
 30.1873173, -0.9872027, 7.0000000
 30.2005752, -1.0019443, 7.0000000
 30.2138240, -1.0166813, 7.0000000
 30.2270637, -1.0314139, 7.0000000
 30.2402942, -1.0461418, 7.0000000
 30.2535157, -1.0608652, 7.0000000
 30.2667280, -1.0755839, 7.0000000
 30.2799312, -1.0902979, 7.0000000
 30.2931253, -1.1050071, 7.0000000
 30.3063102, -1.1197116, 7.0000000
 30.3194860, -1.1344113, 7.0000000
 30.3326527, -1.1491060, 7.0000000
 30.3458335, -1.1638220, 7.0000000
 30.3593939, -1.1789671, 7.0000000
 30.3729445, -1.1941069, 7.0000000
 30.3864853, -1.2092413, 7.0000000
 30.4000163, -1.2243702, 7.0000000
 30.4135376, -1.2394937, 7.0000000
 30.4270491, -1.2546115, 7.0000000
 30.4405508, -1.2697237, 7.0000000
 30.4540426, -1.2848302, 7.0000000
 30.4675247, -1.2999310, 7.0000000
 30.4809969, -1.3150259, 7.0000000
 30.4944592, -1.3301150, 7.0000000
 30.5079117, -1.3451981, 7.0000000
 30.5213543, -1.3602752, 7.0000000
 30.5347870, -1.3753463, 7.0000000
 30.5482098, -1.3904112, 7.0000000
 30.5616227, -1.4054699, 7.0000000
 30.5750257, -1.4205224, 7.0000000
 30.5884188, -1.4355686, 7.0000000
 30.6018019, -1.4506084, 7.0000000
 30.6151751, -1.4656418, 7.0000000
 30.6285383, -1.4806687, 7.0000000
 30.6418915, -1.4956890, 7.0000000
 30.6552347, -1.5107027, 7.0000000
 30.6685679, -1.5257098, 7.0000000
 30.6818911, -1.5407101, 7.0000000
 30.6952043, -1.5557036, 7.0000000
 30.7085075, -1.5706903, 7.0000000
 30.7218006, -1.5856701, 7.0000000
 30.7350836, -1.6006429, 7.0000000
 30.7483566, -1.6156086, 7.0000000
 30.7616195, -1.6305672, 7.0000000
 30.7748722, -1.6455187, 7.0000000
 30.7881149, -1.6604630, 7.0000000
 30.8013475, -1.6754000, 7.0000000
 30.8145699, -1.6903296, 7.0000000
 30.8277822, -1.7052518, 7.0000000
 30.8409843, -1.7201666, 7.0000000
 30.8541763, -1.7350739, 7.0000000
 30.8673581, -1.7499735, 7.0000000
 30.8805297, -1.7648655, 7.0000000
 30.8936911, -1.7797498, 7.0000000
 30.9068423, -1.7946264, 7.0000000
 30.9199833, -1.8094951, 7.0000000
 30.9331140, -1.8243559, 7.0000000
 30.9462345, -1.8392087, 7.0000000
 30.9593447, -1.8540536, 7.0000000
 30.9724447, -1.8688903, 7.0000000
 30.9855344, -1.8837190, 7.0000000
 30.9986137, -1.8985394, 7.0000000
 31.0116828, -1.9133516, 7.0000000
 31.0247416, -1.9281555, 7.0000000
 31.0377900, -1.9429510, 7.0000000
 31.0508281, -1.9577380, 7.0000000
 31.0638559, -1.9725166, 7.0000000
 31.0768732, -1.9872866, 7.0000000
 31.0898802, -2.0020479, 7.0000000
 31.1028769, -2.0168006, 7.0000000
 31.1158631, -2.0315446, 7.0000000
 31.1288389, -2.0462797, 7.0000000
 31.1422243, -2.0614831, 7.0000000
 31.1557238, -2.0768192, 7.0000000
 31.1692119, -2.0921454, 7.0000000
 31.1826886, -2.1074619, 7.0000000
 31.1961540, -2.1227683, 7.0000000
 31.2096081, -2.1380648, 7.0000000
 31.2230507, -2.1533511, 7.0000000
 31.2364819, -2.1686273, 7.0000000
 31.2499018, -2.1838932, 7.0000000
 31.2633102, -2.1991488, 7.0000000
 31.2767072, -2.2143939, 7.0000000
 31.2900927, -2.2296286, 7.0000000
 31.3034668, -2.2448526, 7.0000000
 31.3168294, -2.2600660, 7.0000000
 31.3301805, -2.2752687, 7.0000000
 31.3435202, -2.2904605, 7.0000000
 31.3568483, -2.3056415, 7.0000000
 31.3701649, -2.3208114, 7.0000000
 31.3834700, -2.3359703, 7.0000000
 31.3967636, -2.3511181, 7.0000000
 31.4100456, -2.3662546, 7.0000000
 31.4233161, -2.3813799, 7.0000000
 31.4365750, -2.3964937, 7.0000000
 31.4498223, -2.4115961, 7.0000000
 31.4630580, -2.4266870, 7.0000000
 31.4762821, -2.4417662, 7.0000000
 31.4894946, -2.4568338, 7.0000000
 31.5026955, -2.4718896, 7.0000000
 31.5158847, -2.4869335, 7.0000000
 31.5290623, -2.5019654, 7.0000000
 31.5422282, -2.5169854, 7.0000000
 31.5553825, -2.5319933, 7.0000000
 31.5685250, -2.5469890, 7.0000000
 31.5816559, -2.5619724, 7.0000000
 31.5947750, -2.5769435, 7.0000000
 31.6078825, -2.5919022, 7.0000000
 31.6209782, -2.6068483, 7.0000000
 31.6340621, -2.6217819, 7.0000000
 31.6471343, -2.6367029, 7.0000000
 31.6601948, -2.6516111, 7.0000000
 31.6732434, -2.6665065, 7.0000000
 31.6862803, -2.6813890, 7.0000000
 31.6993053, -2.6962586, 7.0000000
 31.7123186, -2.7111150, 7.0000000
 31.7253200, -2.7259584, 7.0000000
 31.7383096, -2.7407885, 7.0000000
 31.7512874, -2.7556054, 7.0000000
 31.7642533, -2.7704088, 7.0000000
 31.7772073, -2.7851989, 7.0000000
 31.7901494, -2.7999753, 7.0000000
 31.8030797, -2.8147382, 7.0000000
 31.8159980, -2.8294874, 7.0000000
 31.8289044, -2.8442228, 7.0000000
 31.8417989, -2.8589444, 7.0000000
 31.8546815, -2.8736520, 7.0000000
 31.8675521, -2.8883456, 7.0000000
 31.8804108, -2.9030251, 7.0000000
 31.8938872, -2.9184094, 7.0000000
 31.9074382, -2.9338781, 7.0000000
 31.9209759, -2.9493309, 7.0000000
 31.9345001, -2.9647675, 7.0000000
 31.9480110, -2.9801879, 7.0000000
 31.9615085, -2.9955920, 7.0000000
 31.9749926, -3.0109796, 7.0000000
 31.9884632, -3.0263507, 7.0000000
 32.0019205, -3.0417052, 7.0000000
 32.0153643, -3.0570429, 7.0000000
 32.0287946, -3.0723638, 7.0000000
 32.0422115, -3.0876678, 7.0000000
 32.0556150, -3.1029546, 7.0000000
 32.0690049, -3.1182243, 7.0000000
 32.0823814, -3.1334768, 7.0000000
 32.0957444, -3.1487119, 7.0000000
 32.1090939, -3.1639295, 7.0000000
 32.1224299, -3.1791295, 7.0000000
 32.1357524, -3.1943118, 7.0000000
 32.1490613, -3.2094763, 7.0000000
 32.1623567, -3.2246229, 7.0000000
 32.1756386, -3.2397516, 7.0000000
 32.1889069, -3.2548621, 7.0000000
 32.2021617, -3.2699544, 7.0000000
 32.2154028, -3.2850284, 7.0000000
 32.2286304, -3.3000839, 7.0000000
 32.2418444, -3.3151210, 7.0000000
 32.2550448, -3.3301394, 7.0000000
 32.2682316, -3.3451390, 7.0000000
 32.2814047, -3.3601198, 7.0000000
 32.2945643, -3.3750817, 7.0000000
 32.3077101, -3.3900245, 7.0000000
 32.3208424, -3.4049481, 7.0000000
 32.3339610, -3.4198525, 7.0000000
 32.3470659, -3.4347375, 7.0000000
 32.3601571, -3.4496031, 7.0000000
 32.3732347, -3.4644490, 7.0000000
 32.3862985, -3.4792753, 7.0000000
 32.3993487, -3.4940818, 7.0000000
 32.4123851, -3.5088683, 7.0000000
 32.4254078, -3.5236349, 7.0000000
 32.4384168, -3.5383814, 7.0000000
 32.4514120, -3.5531077, 7.0000000
 32.4643935, -3.5678136, 7.0000000
 32.4773612, -3.5824991, 7.0000000
 32.4903151, -3.5971641, 7.0000000
 32.5032553, -3.6118085, 7.0000000
 32.5161817, -3.6264321, 7.0000000
 32.5290943, -3.6410349, 7.0000000
 32.5419930, -3.6556168, 7.0000000
 32.5548780, -3.6701776, 7.0000000
 32.5677491, -3.6847172, 7.0000000
 32.5806064, -3.6992356, 7.0000000
 32.5934499, -3.7137326, 7.0000000
 32.6071959, -3.7292419, 7.0000000
 32.6209296, -3.7447304, 7.0000000
 32.6346474, -3.7601941, 7.0000000
 32.6483494, -3.7756327, 7.0000000
 32.6620357, -3.7910464, 7.0000000
 32.6757062, -3.8064348, 7.0000000
 32.6893610, -3.8217980, 7.0000000
 32.7030002, -3.8371359, 7.0000000
 32.7166238, -3.8524483, 7.0000000
 32.7302318, -3.8677351, 7.0000000
 32.7438242, -3.8829963, 7.0000000
 32.7574012, -3.8982318, 7.0000000
 32.7709627, -3.9134414, 7.0000000
 32.7845088, -3.9286251, 7.0000000
 32.7980395, -3.9437827, 7.0000000
 32.8115548, -3.9589141, 7.0000000
 32.8250548, -3.9740194, 7.0000000
 32.8385396, -3.9890983, 7.0000000
 32.8520091, -4.0041507, 7.0000000
 32.8654635, -4.0191766, 7.0000000
 32.8789026, -4.0341759, 7.0000000
 32.8923267, -4.0491485, 7.0000000
 32.9057356, -4.0640942, 7.0000000
 32.9191296, -4.0790130, 7.0000000
 32.9325085, -4.0939047, 7.0000000
 32.9458724, -4.1087693, 7.0000000
 32.9592214, -4.1236067, 7.0000000
 32.9725555, -4.1384168, 7.0000000
 32.9858748, -4.1531995, 7.0000000
 32.9991793, -4.1679546, 7.0000000
 33.0124689, -4.1826821, 7.0000000
 33.0257438, -4.1973819, 7.0000000
 33.0390040, -4.2120538, 7.0000000
 33.0522496, -4.2266979, 7.0000000
 33.0654805, -4.2413139, 7.0000000
 33.0786968, -4.2559018, 7.0000000
 33.0918986, -4.2704616, 7.0000000
 33.1050858, -4.2849930, 7.0000000
 33.1182586, -4.2994959, 7.0000000
 33.1314169, -4.3139704, 7.0000000
 33.1445609, -4.3284163, 7.0000000
 33.1576904, -4.3428335, 7.0000000
 33.1708057, -4.3572218, 7.0000000
 33.1839066, -4.3715813, 7.0000000
 33.1969933, -4.3859117, 7.0000000
 33.2100658, -4.4002131, 7.0000000
 33.2231241, -4.4144853, 7.0000000
 33.2361682, -4.4287281, 7.0000000
 33.2491983, -4.4429416, 7.0000000
 33.2622143, -4.4571256, 7.0000000
 33.2760230, -4.4721577, 7.0000000
 33.2901265, -4.4874938, 7.0000000
 33.3042135, -4.5027948, 7.0000000
 33.3182840, -4.5180603, 7.0000000
 33.3323382, -4.5332903, 7.0000000
 33.3463760, -4.5484846, 7.0000000
 33.3603975, -4.5636430, 7.0000000
 33.3744026, -4.5787654, 7.0000000
 33.3883915, -4.5938516, 7.0000000
 33.4023642, -4.6089014, 7.0000000
 33.4163207, -4.6239148, 7.0000000
 33.4302610, -4.6388914, 7.0000000
 33.4441852, -4.6538312, 7.0000000
 33.4580933, -4.6687340, 7.0000000
 33.4719853, -4.6835996, 7.0000000
 33.4858613, -4.6984278, 7.0000000
 33.4997213, -4.7132186, 7.0000000
 33.5135654, -4.7279717, 7.0000000
 33.5273935, -4.7426870, 7.0000000
 33.5412058, -4.7573643, 7.0000000
 33.5550022, -4.7720034, 7.0000000
 33.5687828, -4.7866042, 7.0000000
 33.5825475, -4.8011666, 7.0000000
 33.5962966, -4.8156902, 7.0000000
 33.6100299, -4.8301751, 7.0000000
 33.6237476, -4.8446211, 7.0000000
 33.6374496, -4.8590278, 7.0000000
 33.6511359, -4.8733953, 7.0000000
 33.6648067, -4.8877234, 7.0000000
 33.6784620, -4.9020118, 7.0000000
 33.6921017, -4.9162604, 7.0000000
 33.7057260, -4.9304691, 7.0000000
 33.7193348, -4.9446377, 7.0000000
 33.7329283, -4.9587660, 7.0000000
 33.7465063, -4.9728538, 7.0000000
 33.7600690, -4.9869011, 7.0000000
 33.7736164, -5.0009076, 7.0000000
 33.7871485, -5.0148731, 7.0000000
 33.8006654, -5.0287976, 7.0000000
 33.8141671, -5.0426808, 7.0000000
 33.8276537, -5.0565226, 7.0000000
 33.8411250, -5.0703229, 7.0000000
 33.8545813, -5.0840813, 7.0000000
 33.8680226, -5.0977979, 7.0000000
 33.8814488, -5.1114724, 7.0000000
 33.8948600, -5.1251047, 7.0000000
 33.9087793, -5.1392246, 7.0000000
 33.9233780, -5.1540019, 7.0000000
 33.9379598, -5.1687291, 7.0000000
 33.9525253, -5.1834066, 7.0000000
 33.9670750, -5.1980346, 7.0000000
 33.9816096, -5.2126135, 7.0000000
 33.9961296, -5.2271436, 7.0000000
 34.0106357, -5.2416253, 7.0000000
 34.0251284, -5.2560589, 7.0000000
 34.0396083, -5.2704447, 7.0000000
 34.0540761, -5.2847830, 7.0000000
 34.0685323, -5.2990743, 7.0000000
 34.0829775, -5.3133187, 7.0000000
 34.0974123, -5.3275168, 7.0000000
 34.1118373, -5.3416687, 7.0000000
 34.1262531, -5.3557748, 7.0000000
 34.1406603, -5.3698355, 7.0000000
 34.1550595, -5.3838511, 7.0000000
 34.1694513, -5.3978219, 7.0000000
 34.1838363, -5.4117483, 7.0000000
 34.1982150, -5.4256305, 7.0000000
 34.2125881, -5.4394690, 7.0000000
 34.2269562, -5.4532640, 7.0000000
 34.2413199, -5.4670159, 7.0000000
 34.2556797, -5.4807250, 7.0000000
 34.2700363, -5.4943917, 7.0000000
 34.2843902, -5.5080163, 7.0000000
 34.2987421, -5.5215990, 7.0000000
 34.3130925, -5.5351403, 7.0000000
 34.3274421, -5.5486406, 7.0000000
 34.3417914, -5.5621000, 7.0000000
 34.3561410, -5.5755189, 7.0000000
 34.3704915, -5.5888978, 7.0000000
 34.3848436, -5.6022369, 7.0000000
 34.3991978, -5.6155365, 7.0000000
 34.4135546, -5.6287969, 7.0000000
 34.4279148, -5.6420186, 7.0000000
 34.4422789, -5.6552019, 7.0000000
 34.4566475, -5.6683470, 7.0000000
 34.4710212, -5.6814544, 7.0000000
 34.4854005, -5.6945242, 7.0000000
 34.4997862, -5.7075570, 7.0000000
 34.5141787, -5.7205530, 7.0000000
